Title,Title_URL,Content,newscardfooterweb__actionbuttonsctzlwm1,Label_URL,Label,View
Cek TKP: Kelonggaran Penggunaan Masker saat CFD di Bundaran HI,https://kumparan.com/kumparannews/cek-tkp-kelonggaran-penggunaan-masker-saat-cfd-di-bundaran-hi-1y7aquPyshZ,kumparanNEWS,0,https://kumparan.com/kumparannews/response/cek-tkp-kelonggaran-penggunaan-masker-saat-cfd-di-bundaran-hi-1y7aquPyshZ,0, 8 menit
"Menguak Fakta Ade Firmansyah, Sang Pengemudi Bus Maut di Tol Mojokerto",https://kumparan.com/kumparannews/menguak-fakta-ade-firmansyah-sang-pengemudi-bus-maut-di-tol-mojokerto-1y7RILP9B8K,kumparanNEWS,0,https://kumparan.com/kumparannews/response/menguak-fakta-ade-firmansyah-sang-pengemudi-bus-maut-di-tol-mojokerto-1y7RILP9B8K,0, 18 menit
"Ada 54 Titik PeduliLindungi di CFD Sudirman-Thamrin, Warga Diimbau Tetap Scan",https://kumparan.com/kumparannews/ada-54-titik-pedulilindungi-di-cfd-sudirman-thamrin-warga-diimbau-tetap-scan-1y7aUqGVNI8,kumparanNEWS,0,https://kumparan.com/kumparannews/response/ada-54-titik-pedulilindungi-di-cfd-sudirman-thamrin-warga-diimbau-tetap-scan-1y7aUqGVNI8,0, 21 menit
Jokowi di Rakernas Projo: Bicara Persoalan Bangsa hingga Pemilu 2024,https://kumparan.com/kumparannews/jokowi-di-rakernas-projo-bicara-persoalan-bangsa-hingga-pemilu-2024-1y7OYEgI0Yp,kumparanNEWS,0,https://kumparan.com/kumparannews/response/jokowi-di-rakernas-projo-bicara-persoalan-bangsa-hingga-pemilu-2024-1y7OYEgI0Yp,0, 35 menit
Foto: Petani Brasil Kehilangan Mata Pencaharian Akibat Banjir,https://kumparan.com/kumparannews/foto-petani-brasil-kehilangan-mata-pencaharian-akibat-banjir-1y7Vtk1Yhfe,kumparanNEWS,0,https://kumparan.com/kumparannews/response/foto-petani-brasil-kehilangan-mata-pencaharian-akibat-banjir-1y7Vtk1Yhfe,0, 41 menit
Warga Senang CFD Kembali Dibuka: Langkah Awal Balik ke Kehidupan Normal,https://kumparan.com/kumparannews/warga-senang-cfd-kembali-dibuka-langkah-awal-balik-ke-kehidupan-normal-1y7Zzz8rty8,kumparanNEWS,1,https://kumparan.com/kumparannews/response/warga-senang-cfd-kembali-dibuka-langkah-awal-balik-ke-kehidupan-normal-1y7Zzz8rty8,1, 46 menit
"Suasana CFD Usai Kembali Dibuka: Ramai Warga Olahraga, Scan PeduliLindungi Dulu",https://kumparan.com/kumparannews/suasana-cfd-usai-kembali-dibuka-ramai-warga-olahraga-scan-pedulilindungi-dulu-1y7ZlrQapDH,kumparanNEWS,1,https://kumparan.com/kumparannews/response/suasana-cfd-usai-kembali-dibuka-ramai-warga-olahraga-scan-pedulilindungi-dulu-1y7ZlrQapDH,0, sejam
"Foto: Semua Mayat Korban Terowongan Runtuh di Khasmir, India, Telah Ditemukan",https://kumparan.com/kumparannews/foto-semua-mayat-korban-terowongan-runtuh-di-khasmir-india-telah-ditemukan-1y7Xemc8IKp,kumparanNEWS,0,https://kumparan.com/kumparannews/response/foto-semua-mayat-korban-terowongan-runtuh-di-khasmir-india-telah-ditemukan-1y7Xemc8IKp,0, sejam
"Polisi Tutup Jalan Sudirman-MH Thamrin, Masyarakat Sudah Bisa CFD",https://kumparan.com/kumparannews/polisi-tutup-jalan-sudirman-mh-thamrin-masyarakat-sudah-bisa-cfd-1y7ZKvPhSwZ,kumparanNEWS,0,https://kumparan.com/kumparannews/response/polisi-tutup-jalan-sudirman-mh-thamrin-masyarakat-sudah-bisa-cfd-1y7ZKvPhSwZ,0, sejam
"Ketum PBNU Soal Bendera LGBT di Kedubes Inggris: Silakan, Bukan Urusan Kita",https://kumparan.com/kumparannews/ketum-pbnu-soal-bendera-lgbt-di-kedubes-inggris-silakan-bukan-urusan-kita-1y7YsyFuZyt,kumparanNEWS,2,https://kumparan.com/kumparannews/response/ketum-pbnu-soal-bendera-lgbt-di-kedubes-inggris-silakan-bukan-urusan-kita-1y7YsyFuZyt,10, 2 jam
"Foto: Kondisi Bus yang Tabrak Rumah di Ciamis, Sebabkan 4 Orang Tewas",https://kumparan.com/kumparannews/foto-kondisi-bus-yang-tabrak-rumah-di-ciamis-sebabkan-4-orang-tewas-1y7TEQYdUeQ,kumparanNEWS,2,https://kumparan.com/kumparannews/response/foto-kondisi-bus-yang-tabrak-rumah-di-ciamis-sebabkan-4-orang-tewas-1y7TEQYdUeQ,1, 2 jam
"Din Syamsuddin Pidato di Kazan, Bicara Kolaborasi Rusia-Islam Jembatan Peradaban",https://kumparan.com/kumparannews/din-syamsuddin-pidato-di-kazan-bicara-kolaborasi-rusia-islam-jembatan-peradaban-1y7Y9Hnoj01,kumparanNEWS,1,https://kumparan.com/kumparannews/response/din-syamsuddin-pidato-di-kazan-bicara-kolaborasi-rusia-islam-jembatan-peradaban-1y7Y9Hnoj01,0, 2 jam
"Hujan Angin di Pekanbaru: Mati Lampu 7 Jam, Papan Reklame Timpa Kedai Warga",https://kumparan.com/selasarriau/hujan-angin-di-pekanbaru-mati-lampu-7-jam-papan-reklame-timpa-kedai-warga-1y7YnIK2T6W,Selasar Riau,0,https://kumparan.com/selasarriau/response/hujan-angin-di-pekanbaru-mati-lampu-7-jam-papan-reklame-timpa-kedai-warga-1y7YnIK2T6W,0, 2 jam
Populer: Achmad Yurianto Meninggal Dunia; Anggota Brimob Letuskan Tembakan,https://kumparan.com/kumparannews/populer-achmad-yurianto-meninggal-dunia-anggota-brimob-letuskan-tembakan-1y7RU2lnc1J,kumparanNEWS,3,https://kumparan.com/kumparannews/response/populer-achmad-yurianto-meninggal-dunia-anggota-brimob-letuskan-tembakan-1y7RU2lnc1J,0, 2 jam
"Indahnya Lukisan Pantai Pacitan Karya SBY, Hasil Melukis Bersama Ribuan Siswa",https://kumparan.com/kumparannews/indahnya-lukisan-pantai-pacitan-karya-sby-hasil-melukis-bersama-ribuan-siswa-1y7VMrFHKGO,kumparanNEWS,4,https://kumparan.com/kumparannews/response/indahnya-lukisan-pantai-pacitan-karya-sby-hasil-melukis-bersama-ribuan-siswa-1y7VMrFHKGO,5, 3 jam
Bagaimana Tradisi Sanad Al-Quran di Pesantren Daqu Berlangsung?,https://kumparan.com/cerita-santri/bagaimana-tradisi-sanad-al-quran-di-pesantren-daqu-berlangsung-1y7XjOO1UDl,Cerita Santri,1,https://kumparan.com/cerita-santri/response/bagaimana-tradisi-sanad-al-quran-di-pesantren-daqu-berlangsung-1y7XjOO1UDl,0, 3 jam
"Hilang Usai Dijemput 2 Orang, Gadis Asal Malang Diduga Jadi Korban Trafficking",https://kumparan.com/jatim-now/hilang-usai-dijemput-2-orang-gadis-asal-malang-diduga-jadi-korban-trafficking-1y63V62xK3s,Jatim Now,2,https://kumparan.com/jatim-now/response/hilang-usai-dijemput-2-orang-gadis-asal-malang-diduga-jadi-korban-trafficking-1y63V62xK3s,0, 18 Mei 2022
Prof Wiku Kenang Achmad Yurianto: Garda Terdepan Saat RI Baru Dilanda COVID-19,https://kumparan.com/kumparannews/prof-wiku-kenang-achmad-yurianto-garda-terdepan-saat-ri-baru-dilanda-covid-19-1y7UzgS56BU,kumparanNEWS,2,https://kumparan.com/kumparannews/response/prof-wiku-kenang-achmad-yurianto-garda-terdepan-saat-ri-baru-dilanda-covid-19-1y7UzgS56BU,2, 4 jam
Jokowi Beri Sinyal Dukung Ganjar Pranowo?,https://kumparan.com/kumparannews/jokowi-beri-sinyal-dukung-ganjar-pranowo-1y7JIinoTCy,kumparanNEWS,11,https://kumparan.com/kumparannews/response/jokowi-beri-sinyal-dukung-ganjar-pranowo-1y7JIinoTCy,48, 17 jam
Dapatkah UU TPKS Mengakhiri Kawin Anak?,https://kumparan.com/mutti/dapatkah-uu-tpks-mengakhiri-kawin-anak-1xuDhwO8fqk,Mutti Anggitta,4,https://kumparan.com/mutti/response/dapatkah-uu-tpks-mengakhiri-kawin-anak-1xuDhwO8fqk,1, 18 Apr 2022
"Swiss Laporkan Kasus Pertama Cacar Monyet, Terinfeksi Saat di Luar Negeri",https://kumparan.com/kumparannews/swiss-laporkan-kasus-pertama-cacar-monyet-terinfeksi-saat-di-luar-negeri-1y7TZYMGwXe,kumparanNEWS,1,https://kumparan.com/kumparannews/response/swiss-laporkan-kasus-pertama-cacar-monyet-terinfeksi-saat-di-luar-negeri-1y7TZYMGwXe,0, 6 jam
"Sebelum Meninggal, Viryan Aziz Sempat Terapi Cuci Otak DSA",https://kumparan.com/hipontianak/sebelum-meninggal-viryan-aziz-sempat-terapi-cuci-otak-dsa-1y7OSZzmuri,Hi Pontianak,8,https://kumparan.com/hipontianak/response/sebelum-meninggal-viryan-aziz-sempat-terapi-cuci-otak-dsa-1y7OSZzmuri,16, 12 jam
"Eks Jubir Penanganan COVID-19, Achmad Yurianto, Meninggal Dunia",https://kumparan.com/kumparannews/eks-jubir-penanganan-covid-19-achmad-yurianto-meninggal-dunia-1y7NmKXRaUT,kumparanNEWS,20,https://kumparan.com/kumparannews/response/eks-jubir-penanganan-covid-19-achmad-yurianto-meninggal-dunia-1y7NmKXRaUT,9, 13 jam
Hikmahanto soal Bendera LGBT di Kedubes Inggris: Harusnya Hormati Nilai-Moral RI,https://kumparan.com/kumparannews/hikmahanto-soal-bendera-lgbt-di-kedubes-inggris-harusnya-hormati-nilai-moral-ri-1y7HqxqiOmO,kumparanNEWS,6,https://kumparan.com/kumparannews/response/hikmahanto-soal-bendera-lgbt-di-kedubes-inggris-harusnya-hormati-nilai-moral-ri-1y7HqxqiOmO,11, 18 jam
"Terawan Berduka Achmad Yurianto Wafat: Sosok Prajurit Gigih, Pantas Diteladani",https://kumparan.com/kumparannews/terawan-berduka-achmad-yurianto-wafat-sosok-prajurit-gigih-pantas-diteladani-1y7TFgImvY6,kumparanNEWS,3,https://kumparan.com/kumparannews/response/terawan-berduka-achmad-yurianto-wafat-sosok-prajurit-gigih-pantas-diteladani-1y7TFgImvY6,0, 7 jam
Dan Kemudian Pawang Hujan Mandalika,https://kumparan.com/yusuf-arifin/dan-kemudian-pawang-hujan-mandalika-1xkfOK2JULe,Yusuf Arifin,14,https://kumparan.com/yusuf-arifin/response/dan-kemudian-pawang-hujan-mandalika-1xkfOK2JULe,0, 25 Mar 2022
Polling: Kamu Tim Lepas Masker atau Tetap Pakai?,https://kumparan.com/kumparannews/polling-kamu-tim-lepas-masker-atau-tetap-pakai-1y6scbShria,kumparanNEWS,8,https://kumparan.com/kumparannews/response/polling-kamu-tim-lepas-masker-atau-tetap-pakai-1y6scbShria,25, 20 Mei 2022
"Eks Menteri Soeharto: Kita Tak Puas Ada Oligarki, Sekarang yang Korupsi Menteri",https://kumparan.com/kumparannews/eks-menteri-soeharto-kita-tak-puas-ada-oligarki-sekarang-yang-korupsi-menteri-1y7K35dNGCF,kumparanNEWS,16,https://kumparan.com/kumparannews/response/eks-menteri-soeharto-kita-tak-puas-ada-oligarki-sekarang-yang-korupsi-menteri-1y7K35dNGCF,8, 17 jam
"Foto: Tuntut Permintaan Maaf, Massa Gelar Aksi Bela UAS di Kedubes Singapura",https://kumparan.com/kumparannews/foto-tuntut-permintaan-maaf-massa-gelar-aksi-bela-uas-di-kedubes-singapura-1y6vDVTJBUy,kumparanNEWS,11,https://kumparan.com/kumparannews/response/foto-tuntut-permintaan-maaf-massa-gelar-aksi-bela-uas-di-kedubes-singapura-1y6vDVTJBUy,39, 20 Mei 2022
"Jika Diperintahkan Kapolri, Eks Raja OTT KPK Siap Buru Lagi Harun Masiku",https://kumparan.com/kumparannews/jika-diperintahkan-kapolri-eks-raja-ott-kpk-siap-buru-lagi-harun-masiku-1y7JFzEDDsR,kumparanNEWS,9,https://kumparan.com/kumparannews/response/jika-diperintahkan-kapolri-eks-raja-ott-kpk-siap-buru-lagi-harun-masiku-1y7JFzEDDsR,5, 17 jam
"Polisi Bongkar Gudang di Aceh, Sita 1.500 Liter Solar Diduga Milik Oknum TNI",https://kumparan.com/kumparannews/polisi-bongkar-gudang-di-aceh-sita-1-500-liter-solar-diduga-milik-oknum-tni-1xsMrfJZfHI,kumparanNEWS,1,https://kumparan.com/kumparannews/response/polisi-bongkar-gudang-di-aceh-sita-1-500-liter-solar-diduga-milik-oknum-tni-1xsMrfJZfHI,0, 13 Apr 2022
"Sauna Komunitas Gay di Spanyol Ditutup, Diduga Jadi Biang Wabah Cacar Monyet",https://kumparan.com/kumparannews/sauna-komunitas-gay-di-spanyol-ditutup-diduga-jadi-biang-wabah-cacar-monyet-1y78N4W7NhM,kumparanNEWS,6,https://kumparan.com/kumparannews/response/sauna-komunitas-gay-di-spanyol-ditutup-diduga-jadi-biang-wabah-cacar-monyet-1y78N4W7NhM,12, 21 Mei 2022
Bagaimana Jika Calon Jemaah Haji Positif COVID-19 Sebelum Berangkat?,https://kumparan.com/kumparannews/bagaimana-jika-calon-jemaah-haji-positif-covid-19-sebelum-berangkat-1y7QWdWM8fr,kumparanNEWS,1,https://kumparan.com/kumparannews/response/bagaimana-jika-calon-jemaah-haji-positif-covid-19-sebelum-berangkat-1y7QWdWM8fr,0, 7 jam
"Tak Ada Lagi Antrean, Polisi Berencana Akhiri One Way di GT Kalikangkung",https://kumparan.com/kumparannews/tak-ada-lagi-antrean-polisi-berencana-akhiri-one-way-di-gt-kalikangkung-1xywpN3GQn9,kumparanNEWS,0,https://kumparan.com/kumparannews/response/tak-ada-lagi-antrean-polisi-berencana-akhiri-one-way-di-gt-kalikangkung-1xywpN3GQn9,0, 30 Apr 2022
Pengakuan Tersangka Penganiaya Bocah di Sukoharjo: Dulu Saya Juga Dididik Begitu,https://kumparan.com/bengawannews/pengakuan-tersangka-penganiaya-bocah-di-sukoharjo-dulu-saya-juga-dididik-begitu-1xsN8RcRa0O,Bengawan News,3,https://kumparan.com/bengawannews/response/pengakuan-tersangka-penganiaya-bocah-di-sukoharjo-dulu-saya-juga-dididik-begitu-1xsN8RcRa0O,4, 13 Apr 2022
Puncak Arus Mudik di Terminal Kalideres H-3 Lebaran: 4.172 Orang Mudik,https://kumparan.com/kumparannews/puncak-arus-mudik-di-terminal-kalideres-h-3-lebaran-4-172-orang-mudik-1xywn6IBIWI,kumparanNEWS,0,https://kumparan.com/kumparannews/response/puncak-arus-mudik-di-terminal-kalideres-h-3-lebaran-4-172-orang-mudik-1xywn6IBIWI,0, 30 Apr 2022
Jemaah Haji RI yang Berangkat Tahun Ini Diasumsikan 101.500 Orang,https://kumparan.com/kumparannews/jemaah-haji-ri-yang-berangkat-tahun-ini-diasumsikan-101-500-orang-1xsN39TN4Ob,kumparanNEWS,3,https://kumparan.com/kumparannews/response/jemaah-haji-ri-yang-berangkat-tahun-ini-diasumsikan-101-500-orang-1xsN39TN4Ob,1, 13 Apr 2022
"Dendam Diceraikan, WN Pakistan Bunuh Janda 2 Anak di Tasikmalaya",https://kumparan.com/kumparannews/dendam-diceraikan-wn-pakistan-bunuh-janda-2-anak-di-tasikmalaya-1y7SpgDqlfI,kumparanNEWS,2,https://kumparan.com/kumparannews/response/dendam-diceraikan-wn-pakistan-bunuh-janda-2-anak-di-tasikmalaya-1y7SpgDqlfI,0, 7 jam
Serangan Israel ke Palestina: Bukan Cuma Soal Roket,https://kumparan.com/shofwanalbanna/serangan-israel-ke-palestina-bukan-cuma-soal-roket-1xuyz9C0RI2,Shofwan Al Banna Choiruzzad,8,https://kumparan.com/shofwanalbanna/response/serangan-israel-ke-palestina-bukan-cuma-soal-roket-1xuyz9C0RI2,1, 20 Apr 2022
"Wapres AS Kamala Harris Sembuh dari COVID-19, Langsung Kembali Kerja",https://kumparan.com/kumparannews/wapres-as-kamala-harris-sembuh-dari-covid-19-langsung-kembali-kerja-1xzyghLnstD,kumparanNEWS,0,https://kumparan.com/kumparannews/response/wapres-as-kamala-harris-sembuh-dari-covid-19-langsung-kembali-kerja-1xzyghLnstD,0, 3 Mei 2022
Pertamina Hentikan Distribusi Solar ke SPBU Kalukku Selama Sebulan,https://kumparan.com/sulbarkini/pertamina-hentikan-distribusi-solar-ke-spbu-kalukku-selama-sebulan-1xsN316d3v9,SULBAR KINI,1,https://kumparan.com/sulbarkini/response/pertamina-hentikan-distribusi-solar-ke-spbu-kalukku-selama-sebulan-1xsN316d3v9,0, 13 Apr 2022
Perfect Timing Uji Coba Hwasong-17 di Tengah Krisis Ukraina,https://kumparan.com/mutti/perfect-timing-uji-coba-hwasong-17-di-tengah-krisis-ukraina-1xlr9k7EK92,Mutti Anggitta,5,https://kumparan.com/mutti/response/perfect-timing-uji-coba-hwasong-17-di-tengah-krisis-ukraina-1xlr9k7EK92,0, 28 Mar 2022
"Ada Demo soal UAS di Depan Kedubes Singapura, Polisi Siapkan Pengamanan",https://kumparan.com/kumparannews/ada-demo-soal-uas-di-depan-kedubes-singapura-polisi-siapkan-pengamanan-1y6oOkh91Mf,kumparanNEWS,13,https://kumparan.com/kumparannews/response/ada-demo-soal-uas-di-depan-kedubes-singapura-polisi-siapkan-pengamanan-1y6oOkh91Mf,31, 20 Mei 2022
"Golkar Halut Gelar Vaksinasi selama Ramadan, yang Datang Dapat Minyak Goreng",https://kumparan.com/ceritamalukuutara/golkar-halut-gelar-vaksinasi-selama-ramadan-yang-datang-dapat-minyak-goreng-1xsN5Wk6lq0,Cermat,0,https://kumparan.com/ceritamalukuutara/response/golkar-halut-gelar-vaksinasi-selama-ramadan-yang-datang-dapat-minyak-goreng-1xsN5Wk6lq0,0, 13 Apr 2022
"Positif COVID-19 Usai dari Timur Tengah, Walkot Pekanbaru: Ini Teguran Allah SWT",https://kumparan.com/selasarriau/positif-covid-19-usai-dari-timur-tengah-walkot-pekanbaru-ini-teguran-allah-swt-1xvvTBCJopQ,Selasar Riau,0,https://kumparan.com/selasarriau/response/positif-covid-19-usai-dari-timur-tengah-walkot-pekanbaru-ini-teguran-allah-swt-1xvvTBCJopQ,0, 22 Apr 2022
"Jokowi soal 2024 di Rakernas Projo: Ojo Kesusu, Mungkin yang Kita Dukung di Sini",https://kumparan.com/kumparannews/jokowi-soal-2024-di-rakernas-projo-ojo-kesusu-mungkin-yang-kita-dukung-di-sini-1y7G6qfRRcr,kumparanNEWS,5,https://kumparan.com/kumparannews/response/jokowi-soal-2024-di-rakernas-projo-ojo-kesusu-mungkin-yang-kita-dukung-di-sini-1y7G6qfRRcr,1, 20 jam
Uni Eropa soal Kehadiran Putin di G20: Kami Tunggu Keputusan Indonesia,https://kumparan.com/kumparannews/uni-eropa-soal-kehadiran-putin-di-g20-kami-tunggu-keputusan-indonesia-1xpvSnFNCYK,kumparanNEWS,0,https://kumparan.com/kumparannews/response/uni-eropa-soal-kehadiran-putin-di-g20-kami-tunggu-keputusan-indonesia-1xpvSnFNCYK,0, 7 Apr 2022
"Ketua MPR: Tak Perlu Takut Tuduhan AS soal PeduliLindungi, RI Sangat Hormati HAM",https://kumparan.com/kumparannews/ketua-mpr-tak-perlu-takut-tuduhan-as-soal-pedulilindungi-ri-sangat-hormati-ham-1xuK5IN4YX3,kumparanNEWS,0,https://kumparan.com/kumparannews/response/ketua-mpr-tak-perlu-takut-tuduhan-as-soal-pedulilindungi-ri-sangat-hormati-ham-1xuK5IN4YX3,0, 18 Apr 2022
"Edy Rahmayadi: Hari Pertama Lebaran di Sumut Kondusif, Tetap Patuhi Prokes",https://kumparan.com/kumparannews/edy-rahmayadi-hari-pertama-lebaran-di-sumut-kondusif-tetap-patuhi-prokes-1xzwMiFVHGT,kumparanNEWS,0,https://kumparan.com/kumparannews/response/edy-rahmayadi-hari-pertama-lebaran-di-sumut-kondusif-tetap-patuhi-prokes-1xzwMiFVHGT,0, 3 Mei 2022
Pelaku Industri Kreasikan 89 Rintisan Teknologi,https://kumparan.com/swaonline/pelaku-industri-kreasikan-89-rintisan-teknologi-1xsNIm73R3W,SWAONLINE,1,https://kumparan.com/swaonline/response/pelaku-industri-kreasikan-89-rintisan-teknologi-1xsNIm73R3W,0, 13 Apr 2022
"Julo Menjaring Pendanaan Seri B Senilai Rp 1,14 Triliun",https://kumparan.com/swaonline/julo-menjaring-pendanaan-seri-b-senilai-rp-1-14-triliun-1xsNIlNIwdg,SWAONLINE,1,https://kumparan.com/swaonline/response/julo-menjaring-pendanaan-seri-b-senilai-rp-1-14-triliun-1xsNIlNIwdg,0, 13 Apr 2022
Astragraphia Bukukkan Laba Bersih Rp87 Miliar,https://kumparan.com/swaonline/astragraphia-bukukkan-laba-bersih-rp87-miliar-1xsNIkcLBPC,SWAONLINE,1,https://kumparan.com/swaonline/response/astragraphia-bukukkan-laba-bersih-rp87-miliar-1xsNIkcLBPC,0, 13 Apr 2022
"Imbauan ASN WFH Usai Libur Lebaran, KPK Tetap Terapkan WFO 75%",https://kumparan.com/kumparannews/imbauan-asn-wfh-usai-libur-lebaran-kpk-tetap-terapkan-wfo-75-1y2UDoWngwJ,kumparanNEWS,0,https://kumparan.com/kumparannews/response/imbauan-asn-wfh-usai-libur-lebaran-kpk-tetap-terapkan-wfo-75-1y2UDoWngwJ,0, 9 Mei 2022
"UAS Ceramah Depan Ribuan Warga Sumenep, Bicara Pesantren Jaga Anak dari Narkoba",https://kumparan.com/kumparannews/uas-ceramah-depan-ribuan-warga-sumenep-bicara-pesantren-jaga-anak-dari-narkoba-1y79UV7LM2X,kumparanNEWS,8,https://kumparan.com/kumparannews/response/uas-ceramah-depan-ribuan-warga-sumenep-bicara-pesantren-jaga-anak-dari-narkoba-1y79UV7LM2X,7, 21 Mei 2022
Kedutaan Besar Inggris di Jakarta Kibarkan Bendera LGBT,https://kumparan.com/kumparannews/kedutaan-besar-inggris-di-jakarta-kibarkan-bendera-lgbt-1y71iafOwV1,kumparanNEWS,3,https://kumparan.com/kumparannews/response/kedutaan-besar-inggris-di-jakarta-kibarkan-bendera-lgbt-1y71iafOwV1,27, 20 Mei 2022
"Terawan Terima Surat Pemecatan dari IDI, Ajak Semua Dokter Gabung PDSI",https://kumparan.com/kumparannews/terawan-terima-surat-pemecatan-dari-idi-ajak-semua-dokter-gabung-pdsi-1y70jYC4mg6,kumparanNEWS,9,https://kumparan.com/kumparannews/response/terawan-terima-surat-pemecatan-dari-idi-ajak-semua-dokter-gabung-pdsi-1y70jYC4mg6,17, 20 Mei 2022
Politikus Demokrat: Koalisi dengan Golkar di Pilpres Sangat Dimungkinkan,https://kumparan.com/kumparannews/politikus-demokrat-koalisi-dengan-golkar-di-pilpres-sangat-dimungkinkan-1y3GiDCucmV,kumparanNEWS,0,https://kumparan.com/kumparannews/response/politikus-demokrat-koalisi-dengan-golkar-di-pilpres-sangat-dimungkinkan-1y3GiDCucmV,0, 11 Mei 2022
Staf Khusus Kemenkumham RI Kunjungi Rutan Mempawah,https://kumparan.com/hipontianak/staf-khusus-kemenkumham-ri-kunjungi-rutan-mempawah-1xsMttklIRM,Hi Pontianak,0,https://kumparan.com/hipontianak/response/staf-khusus-kemenkumham-ri-kunjungi-rutan-mempawah-1xsMttklIRM,0, 13 Apr 2022
Kemenkes: Mudik Ujian Kita Menuju Endemi COVID-19,https://kumparan.com/kumparannews/kemenkes-mudik-ujian-kita-menuju-endemi-covid-19-1xpvZugTnsY,kumparanNEWS,0,https://kumparan.com/kumparannews/response/kemenkes-mudik-ujian-kita-menuju-endemi-covid-19-1xpvZugTnsY,0, 7 Apr 2022
Kemenag Terapkan 50% WFH 9-13 Mei untuk Pegawai yang Mudik dan Isoman,https://kumparan.com/kumparannews/kemenag-terapkan-50-wfh-9-13-mei-untuk-pegawai-yang-mudik-dan-isoman-1y2UNijwCs5,kumparanNEWS,0,https://kumparan.com/kumparannews/response/kemenag-terapkan-50-wfh-9-13-mei-untuk-pegawai-yang-mudik-dan-isoman-1y2UNijwCs5,0, 9 Mei 2022
"Foto: Kerusakan yang Ditinggalkan Pasukan Rusia di Kota Mariupol, Ukraina",https://kumparan.com/kumparannews/foto-kerusakan-yang-ditinggalkan-pasukan-rusia-di-kota-mariupol-ukraina-1xxJYvLnD7e,kumparanNEWS,2,https://kumparan.com/kumparannews/response/foto-kerusakan-yang-ditinggalkan-pasukan-rusia-di-kota-mariupol-ukraina-1xxJYvLnD7e,0, 26 Apr 2022
Australia Tetapkan Idul Fitri 2022 Jatuh Pada Senin 2 Mei,https://kumparan.com/kumparannews/australia-tetapkan-idul-fitri-2022-jatuh-pada-senin-2-mei-1xyDob6zi6w,kumparanNEWS,0,https://kumparan.com/kumparannews/response/australia-tetapkan-idul-fitri-2022-jatuh-pada-senin-2-mei-1xyDob6zi6w,0, 28 Apr 2022
"Kakek Sondani yang Menikah dengan Gadis Muda, Dikenal Dermawan",https://kumparan.com/ciremaitoday/kakek-sondani-yang-menikah-dengan-gadis-muda-dikenal-dermawan-1y7IRMjuW9P,ciremaitoday,2,https://kumparan.com/ciremaitoday/response/kakek-sondani-yang-menikah-dengan-gadis-muda-dikenal-dermawan-1y7IRMjuW9P,4, 18 jam
Ulama se-Jatim Dukung Sandiaga Uno Capres 2024: Indonesia Akan Lebih Maju,https://kumparan.com/kumparannews/ulama-se-jatim-dukung-sandiaga-uno-capres-2024-indonesia-akan-lebih-maju-1xjyrYfIxXV,kumparanNEWS,1,https://kumparan.com/kumparannews/response/ulama-se-jatim-dukung-sandiaga-uno-capres-2024-indonesia-akan-lebih-maju-1xjyrYfIxXV,3, 23 Mar 2022
Ini 4 Rekayasa Lalu Lintas Teranyar di Tol Jakarta-Cikampek,https://kumparan.com/kumparannews/ini-4-rekayasa-lalu-lintas-teranyar-di-tol-jakarta-cikampek-1xywGEzdeCH,kumparanNEWS,1,https://kumparan.com/kumparannews/response/ini-4-rekayasa-lalu-lintas-teranyar-di-tol-jakarta-cikampek-1xywGEzdeCH,0, 30 Apr 2022
Polda DIY Bongkar Modus Modif Kendaraan Jual Solar Subsidi ke Industri,https://kumparan.com/kumparannews/polda-diy-bongkar-modus-modif-kendaraan-jual-solar-subsidi-ke-industri-1xudHJt3DLf,kumparanNEWS,0,https://kumparan.com/kumparannews/response/polda-diy-bongkar-modus-modif-kendaraan-jual-solar-subsidi-ke-industri-1xudHJt3DLf,0, 19 Apr 2022
Tanya Dukcapil: Cara Mengurus Pindah Penduduk untuk Pendatang ,https://kumparan.com/kumparannews/tanya-dukcapil-cara-mengurus-pindah-penduduk-untuk-pendatang-1y48yIxVyHh,kumparanNEWS,0,https://kumparan.com/kumparannews/response/tanya-dukcapil-cara-mengurus-pindah-penduduk-untuk-pendatang-1y48yIxVyHh,0, 13 Mei 2022
5 Pria Ditembak Polisi Usai Rampok dan Buang Sopir Truk Sawit di Asahan,https://kumparan.com/kumparannews/5-pria-ditembak-polisi-usai-rampok-dan-buang-sopir-truk-sawit-di-asahan-1y5pDXlKeok,kumparanNEWS,0,https://kumparan.com/kumparannews/response/5-pria-ditembak-polisi-usai-rampok-dan-buang-sopir-truk-sawit-di-asahan-1y5pDXlKeok,0, 17 Mei 2022
Maudy Ayunda: Menkes Negara Anggota G20 Akan Bertemu di Yogya pada Juni 2022,https://kumparan.com/kumparannews/maudy-ayunda-menkes-negara-anggota-g20-akan-bertemu-di-yogya-pada-juni-2022-1xpv85Oeh4D,kumparanNEWS,3,https://kumparan.com/kumparannews/response/maudy-ayunda-menkes-negara-anggota-g20-akan-bertemu-di-yogya-pada-juni-2022-1xpv85Oeh4D,0, 7 Apr 2022
Putin Minta Israel Serahkan Gereja Alexander Nevsky di Yerusalem,https://kumparan.com/kumparannews/putin-minta-israel-serahkan-gereja-alexander-nevsky-di-yerusalem-1xucMzSfHSi,kumparanNEWS,1,https://kumparan.com/kumparannews/response/putin-minta-israel-serahkan-gereja-alexander-nevsky-di-yerusalem-1xucMzSfHSi,1, 19 Apr 2022
"Massa Aksi Tiba di Kedubes Singapura, Tuntut Permintaan Maaf soal UAS",https://kumparan.com/kumparannews/massa-aksi-tiba-di-kedubes-singapura-tuntut-permintaan-maaf-soal-uas-1y6vBDvIU9c,kumparanNEWS,5,https://kumparan.com/kumparannews/response/massa-aksi-tiba-di-kedubes-singapura-tuntut-permintaan-maaf-soal-uas-1y6vBDvIU9c,9, 20 Mei 2022
"Kemenkes: Tidak Mungkin Tiap Tahun Larang Mudik, COVID-19 Hilangnya Lama",https://kumparan.com/kumparannews/kemenkes-tidak-mungkin-tiap-tahun-larang-mudik-covid-19-hilangnya-lama-1xpv9hxHngz,kumparanNEWS,2,https://kumparan.com/kumparannews/response/kemenkes-tidak-mungkin-tiap-tahun-larang-mudik-covid-19-hilangnya-lama-1xpv9hxHngz,0, 7 Apr 2022
"Geledah Rumah Terduga Teroris di Bandung, Polisi Amankan Dokumen hingga Katana",https://kumparan.com/kumparannews/geledah-rumah-terduga-teroris-di-bandung-polisi-amankan-dokumen-hingga-katana-1xud5yYiaLJ,kumparanNEWS,0,https://kumparan.com/kumparannews/response/geledah-rumah-terduga-teroris-di-bandung-polisi-amankan-dokumen-hingga-katana-1xud5yYiaLJ,0, 19 Apr 2022
"Bukan Satu, Ternyata Ada 2 Polisi Terlibat Penembakan Anggota Dishub Makassar",https://kumparan.com/kumparannews/bukan-satu-ternyata-ada-2-polisi-terlibat-penembakan-anggota-dishub-makassar-1xuJnDCUWQy,kumparanNEWS,1,https://kumparan.com/kumparannews/response/bukan-satu-ternyata-ada-2-polisi-terlibat-penembakan-anggota-dishub-makassar-1xuJnDCUWQy,0, 18 Apr 2022
"Satu Jam Usai One Way Diberlakukan, Arus Lalin Tol Japek Ramai Lancar",https://kumparan.com/kumparannews/satu-jam-usai-one-way-diberlakukan-arus-lalin-tol-japek-ramai-lancar-1xyH0Y7zfIN,kumparanNEWS,0,https://kumparan.com/kumparannews/response/satu-jam-usai-one-way-diberlakukan-arus-lalin-tol-japek-ramai-lancar-1xyH0Y7zfIN,0, 28 Apr 2022
Sapi di Jakarta Diklaim Aman dari Wabah PMK,https://kumparan.com/kumparannews/sapi-di-jakarta-diklaim-aman-dari-wabah-pmk-1uycpvFi0s1,kumparanNEWS,0,https://kumparan.com/kumparannews/response/sapi-di-jakarta-diklaim-aman-dari-wabah-pmk-1uycpvFi0s1,0, 17 Mei 2022
Polisi: Kebakaran di Tunjungan Plaza Tak Ada Korban Jiwa,https://kumparan.com/kumparannews/polisi-kebakaran-di-tunjungan-plaza-tak-ada-korban-jiwa-1xsMUfunuZs,kumparanNEWS,0,https://kumparan.com/kumparannews/response/polisi-kebakaran-di-tunjungan-plaza-tak-ada-korban-jiwa-1xsMUfunuZs,1, 13 Apr 2022
"H-5 Lebaran, Tol Jakarta-Cikampek Pagi Ini Macet 7 Km",https://kumparan.com/kumparannews/h-5-lebaran-tol-jakarta-cikampek-pagi-ini-macet-7-km-1xxi2CBVzWs,kumparanNEWS,7,https://kumparan.com/kumparannews/response/h-5-lebaran-tol-jakarta-cikampek-pagi-ini-macet-7-km-1xxi2CBVzWs,9, 27 Apr 2022
"Kejagung: Dirjen Daglu, Indrasari Wisnu, yang Bawa Lin Che Wei ke Kemendag",https://kumparan.com/kumparannews/kejagung-dirjen-daglu-indrasari-wisnu-yang-bawa-lin-che-wei-ke-kemendag-1y6osvoKN0e,kumparanNEWS,6,https://kumparan.com/kumparannews/response/kejagung-dirjen-daglu-indrasari-wisnu-yang-bawa-lin-che-wei-ke-kemendag-1y6osvoKN0e,8, 20 Mei 2022
Polisi Tangkap 11 PMI Ilegal yang Pulang dari Malaysia di Perairan Asahan,https://kumparan.com/kumparannews/polisi-tangkap-11-pmi-ilegal-yang-pulang-dari-malaysia-di-perairan-asahan-1xsMZppIugt,kumparanNEWS,0,https://kumparan.com/kumparannews/response/polisi-tangkap-11-pmi-ilegal-yang-pulang-dari-malaysia-di-perairan-asahan-1xsMZppIugt,0, 13 Apr 2022
"KPK Dikabarkan Periksa Sejumlah Saksi di Ambon, Ada Kasus Apa?",https://kumparan.com/kumparannews/kpk-dikabarkan-periksa-sejumlah-saksi-di-ambon-ada-kasus-apa-1xyH8Bjx0lp,kumparanNEWS,0,https://kumparan.com/kumparannews/response/kpk-dikabarkan-periksa-sejumlah-saksi-di-ambon-ada-kasus-apa-1xyH8Bjx0lp,0, 28 Apr 2022
"Jenderal Dudung: Mahasiswa Agen Perubahan, Garda Terdepan Penjaga Pancasila",https://kumparan.com/kumparannews/jenderal-dudung-mahasiswa-agen-perubahan-garda-terdepan-penjaga-pancasila-1xsMTvHP0OX,kumparanNEWS,0,https://kumparan.com/kumparannews/response/jenderal-dudung-mahasiswa-agen-perubahan-garda-terdepan-penjaga-pancasila-1xsMTvHP0OX,0, 13 Apr 2022
Kemlu Pastikan KTT G20 Indonesia Tidak Bisa Ditunda ke 2023,https://kumparan.com/kumparannews/kemlu-pastikan-ktt-g20-indonesia-tidak-bisa-ditunda-ke-2023-1xpvLVNL7K5,kumparanNEWS,0,https://kumparan.com/kumparannews/response/kemlu-pastikan-ktt-g20-indonesia-tidak-bisa-ditunda-ke-2023-1xpvLVNL7K5,0, 7 Apr 2022
Berkas Perkara 5 Tersangka Kasus Evotrade Dinyatakan Lengkap dan Segera Disidang,https://kumparan.com/kumparannews/berkas-perkara-5-tersangka-kasus-evotrade-dinyatakan-lengkap-dan-segera-disidang-1xvBzaEOYMK,kumparanNEWS,0,https://kumparan.com/kumparannews/response/berkas-perkara-5-tersangka-kasus-evotrade-dinyatakan-lengkap-dan-segera-disidang-1xvBzaEOYMK,0, 21 Apr 2022
Arus Kendaraan Lancar Jelang Uji Coba Hari Kedua Ganjil Genap di Tol Cikampek,https://kumparan.com/kumparannews/arus-kendaraan-lancar-jelang-uji-coba-hari-kedua-ganjil-genap-di-tol-cikampek-1xxJXpsWQg3,kumparanNEWS,0,https://kumparan.com/kumparannews/response/arus-kendaraan-lancar-jelang-uji-coba-hari-kedua-ganjil-genap-di-tol-cikampek-1xxJXpsWQg3,0, 26 Apr 2022
"Masinton: Menteri Jangan Narsis Ingin Nyapres, Fokus Agenda Prioritas Presiden",https://kumparan.com/kumparannews/masinton-menteri-jangan-narsis-ingin-nyapres-fokus-agenda-prioritas-presiden-1y3Gb3cRMB2,kumparanNEWS,1,https://kumparan.com/kumparannews/response/masinton-menteri-jangan-narsis-ingin-nyapres-fokus-agenda-prioritas-presiden-1y3Gb3cRMB2,1, 11 Mei 2022
PAM Kabupaten Kuningan Segera Garap Usaha Air Minum Dalam Kemasan,https://kumparan.com/ciremaitoday/pam-kabupaten-kuningan-segera-garap-usaha-air-minum-dalam-kemasan-1xsMwFgZPTr,ciremaitoday,0,https://kumparan.com/ciremaitoday/response/pam-kabupaten-kuningan-segera-garap-usaha-air-minum-dalam-kemasan-1xsMwFgZPTr,0, 13 Apr 2022
"Positif COVID-19, PM Italia Batal Kunjungi Kongo dan Angola",https://kumparan.com/kumparannews/positif-covid-19-pm-italia-batal-kunjungi-kongo-dan-angola-1xuc1ShM9AT,kumparanNEWS,0,https://kumparan.com/kumparannews/response/positif-covid-19-pm-italia-batal-kunjungi-kongo-dan-angola-1xuc1ShM9AT,0, 19 Apr 2022
Foto: Momen Tahanan Kasus Narkotika Menikah di Polresta Denpasar,https://kumparan.com/kumparannews/foto-momen-tahanan-kasus-narkotika-menikah-di-polresta-denpasar-1xuHveks1L4,kumparanNEWS,1,https://kumparan.com/kumparannews/response/foto-momen-tahanan-kasus-narkotika-menikah-di-polresta-denpasar-1xuHveks1L4,0, 18 Apr 2022
Foto: Siswa SD di Palangka Raya Langsung Ujian Kelulusan Usai Libur Lebaran,https://kumparan.com/kumparannews/foto-siswa-sd-di-palangka-raya-langsung-ujian-kelulusan-usai-libur-lebaran-1y2XLbxEAjU,kumparanNEWS,0,https://kumparan.com/kumparannews/response/foto-siswa-sd-di-palangka-raya-langsung-ujian-kelulusan-usai-libur-lebaran-1y2XLbxEAjU,0, 9 Mei 2022
Sutan Riska Persilahkan Pemudik untuk Singgah Beristirahat di Masjid Dharmasraya,https://kumparan.com/langkanid/sutan-riska-persilahkan-pemudik-untuk-singgah-beristirahat-di-masjid-dharmasraya-1xywkOljhQx,langkan,0,https://kumparan.com/langkanid/response/sutan-riska-persilahkan-pemudik-untuk-singgah-beristirahat-di-masjid-dharmasraya-1xywkOljhQx,0, 30 Apr 2022
1 Lagi Pelajar SD di Sikka Meninggal Dunia akibat DBD,https://kumparan.com/florespedia/1-lagi-pelajar-sd-di-sikka-meninggal-dunia-akibat-dbd-1xoccG8xsYe,florespedia,0,https://kumparan.com/florespedia/response/1-lagi-pelajar-sd-di-sikka-meninggal-dunia-akibat-dbd-1xoccG8xsYe,0, 4 Apr 2022
"KAI Temukan Banyak Barang Tertinggal, Pemudik Diimbau Bawa Barang Secukupnya",https://kumparan.com/kumparannews/kai-temukan-banyak-barang-tertinggal-pemudik-diimbau-bawa-barang-secukupnya-1xywHMHk42x,kumparanNEWS,0,https://kumparan.com/kumparannews/response/kai-temukan-banyak-barang-tertinggal-pemudik-diimbau-bawa-barang-secukupnya-1xywHMHk42x,0, 30 Apr 2022
"Pesantren Kilat, Warga Binaan Lapas Narkotika Bandar Lampung Bisa Salat Jenazah",https://kumparan.com/lampunggeh/pesantren-kilat-warga-binaan-lapas-narkotika-bandar-lampung-bisa-salat-jenazah-1xywIVMqvtq,Lampung Geh,0,https://kumparan.com/lampunggeh/response/pesantren-kilat-warga-binaan-lapas-narkotika-bandar-lampung-bisa-salat-jenazah-1xywIVMqvtq,0, 30 Apr 2022
"Jelang Idul Fitri, Polairud Akan Ditempatkan di Pelabuhan dan Bandara Ternate",https://kumparan.com/ceritamalukuutara/jelang-idul-fitri-polairud-akan-ditempatkan-di-pelabuhan-dan-bandara-ternate-1xsMpCKLjtv,Cermat,0,https://kumparan.com/ceritamalukuutara/response/jelang-idul-fitri-polairud-akan-ditempatkan-di-pelabuhan-dan-bandara-ternate-1xsMpCKLjtv,0, 13 Apr 2022
"Besok One Way dari Tol Kalikangkung Mulai 14.00 WIB, Kemungkinan Sampai Halim ",https://kumparan.com/kumparannews/besok-one-way-dari-tol-kalikangkung-mulai-14-00-wib-kemungkinan-sampai-halim-1y12DWd252Z,kumparanNEWS,0,https://kumparan.com/kumparannews/response/besok-one-way-dari-tol-kalikangkung-mulai-14-00-wib-kemungkinan-sampai-halim-1y12DWd252Z,0, 5 Mei 2022
Pemudik di Kalbar yang Angkut Motor di Atap Mobil Akhirnya Minta Maaf,https://kumparan.com/hipontianak/pemudik-di-kalbar-yang-angkut-motor-di-atap-mobil-akhirnya-minta-maaf-1xywRk71Twb,Hi Pontianak,1,https://kumparan.com/hipontianak/response/pemudik-di-kalbar-yang-angkut-motor-di-atap-mobil-akhirnya-minta-maaf-1xywRk71Twb,1, 30 Apr 2022
Wakil Ketua Komisi V: Pemerintah Kurang Antisipatif Cegah Kemacetan Mudik ,https://kumparan.com/kumparannews/wakil-ketua-komisi-v-pemerintah-kurang-antisipatif-cegah-kemacetan-mudik-1xz2dp2ZcKA,kumparanNEWS,0,https://kumparan.com/kumparannews/response/wakil-ketua-komisi-v-pemerintah-kurang-antisipatif-cegah-kemacetan-mudik-1xz2dp2ZcKA,0, 30 Apr 2022
"Asyik Nonton TV, Anak 5 Tahun di Riau Digorok Ayah Kandung",https://kumparan.com/selasarriau/asyik-nonton-tv-anak-5-tahun-di-riau-digorok-ayah-kandung-1xpD5hvfxw3,Selasar Riau,0,https://kumparan.com/selasarriau/response/asyik-nonton-tv-anak-5-tahun-di-riau-digorok-ayah-kandung-1xpD5hvfxw3,0, 5 Apr 2022
Kremlin soal Kehadiran Putin di G20 Indonesia: Akan Kami Klarifikasi,https://kumparan.com/kumparannews/kremlin-soal-kehadiran-putin-di-g20-indonesia-akan-kami-klarifikasi-1xpvKKINQNl,kumparanNEWS,3,https://kumparan.com/kumparannews/response/kremlin-soal-kehadiran-putin-di-g20-indonesia-akan-kami-klarifikasi-1xpvKKINQNl,0, 7 Apr 2022
"Pelaku Perampokan Bank di Cilandak Punya Utang Rp 5 M, Pinjam ke 12 Orang",https://kumparan.com/kumparannews/pelaku-perampokan-bank-di-cilandak-punya-utang-rp-5-m-pinjam-ke-12-orang-1xpvBYMGdWr,kumparanNEWS,1,https://kumparan.com/kumparannews/response/pelaku-perampokan-bank-di-cilandak-punya-utang-rp-5-m-pinjam-ke-12-orang-1xpvBYMGdWr,0, 7 Apr 2022
Cara Kerja ETLE di Tol Deteksi Mobil Pemudik Ngebut di Atas 100 Km/Jam ,https://kumparan.com/kumparannews/cara-kerja-etle-di-tol-deteksi-mobil-pemudik-ngebut-di-atas-100-km-jam-1xxMEs2oEZC,kumparanNEWS,1,https://kumparan.com/kumparannews/response/cara-kerja-etle-di-tol-deteksi-mobil-pemudik-ngebut-di-atas-100-km-jam-1xxMEs2oEZC,1, 26 Apr 2022
"Sempat Murka di Sosmed, Vanessa Khong Kooperatif Saat Diperiksa Polisi",https://kumparan.com/kumparannews/sempat-murka-di-sosmed-vanessa-khong-kooperatif-saat-diperiksa-polisi-1xucyPvkaYT,kumparanNEWS,0,https://kumparan.com/kumparannews/response/sempat-murka-di-sosmed-vanessa-khong-kooperatif-saat-diperiksa-polisi-1xucyPvkaYT,0, 19 Apr 2022
"Total 103 Kecelakaan Selama Mudik & Arus Balik Lebaran di Jabar, 37 Orang Tewas",https://kumparan.com/kumparannews/total-103-kecelakaan-selama-mudik-and-arus-balik-lebaran-di-jabar-37-orang-tewas-1y2UBS3vMgH,kumparanNEWS,0,https://kumparan.com/kumparannews/response/total-103-kecelakaan-selama-mudik-and-arus-balik-lebaran-di-jabar-37-orang-tewas-1y2UBS3vMgH,0, 9 Mei 2022
Semua yang Perlu Kamu Tahu soal Hepatitis Akut Misterius pada Anak,https://kumparan.com/kumparannews/semua-yang-perlu-kamu-tahu-soal-hepatitis-akut-misterius-pada-anak-1y2UJ3NANOX,kumparanNEWS,6,https://kumparan.com/kumparannews/response/semua-yang-perlu-kamu-tahu-soal-hepatitis-akut-misterius-pada-anak-1y2UJ3NANOX,0, 9 Mei 2022
Kemendagri Susun Indikator Evaluasi Laporan Pj Gubernur ,https://kumparan.com/kumparannews/kemendagri-susun-indikator-evaluasi-laporan-pj-gubernur-1y4BJ4edSZz,kumparanNEWS,0,https://kumparan.com/kumparannews/response/kemendagri-susun-indikator-evaluasi-laporan-pj-gubernur-1y4BJ4edSZz,0, 13 Mei 2022
"Disuarakan Sejak Januari, Kenapa Jokowi Baru Setop Wacana Penundaan Pemilu?",https://kumparan.com/kumparannews/disuarakan-sejak-januari-kenapa-jokowi-baru-setop-wacana-penundaan-pemilu-1xpuhBJsIL0,kumparanNEWS,1,https://kumparan.com/kumparannews/response/disuarakan-sejak-januari-kenapa-jokowi-baru-setop-wacana-penundaan-pemilu-1xpuhBJsIL0,1, 7 Apr 2022
Dekorasi Pernikahan Adik Jokowi dengan Ketua MK Bertema Jawa Klasik,https://kumparan.com/kumparannews/dekorasi-pernikahan-adik-jokowi-dengan-ketua-mk-bertema-jawa-klasik-1y7SN1n9KTg,kumparanNEWS,2,https://kumparan.com/kumparannews/response/dekorasi-pernikahan-adik-jokowi-dengan-ketua-mk-bertema-jawa-klasik-1y7SN1n9KTg,1, 8 jam
Foto: PM Selandia Baru Kunjungi Singapura dalam Rangka Kerja Sama Ekonomi,https://kumparan.com/kumparannews/foto-pm-selandia-baru-kunjungi-singapura-dalam-rangka-kerja-sama-ekonomi-1xuc99DqhJF,kumparanNEWS,0,https://kumparan.com/kumparannews/response/foto-pm-selandia-baru-kunjungi-singapura-dalam-rangka-kerja-sama-ekonomi-1xuc99DqhJF,0, 19 Apr 2022
"Tak Ada Pos Penyekatan, Penjagaan Apa di Kedungwaringin untuk Pemudik Motor?",https://kumparan.com/kumparannews/tak-ada-pos-penyekatan-penjagaan-apa-di-kedungwaringin-untuk-pemudik-motor-1xuJauTPIKG,kumparanNEWS,0,https://kumparan.com/kumparannews/response/tak-ada-pos-penyekatan-penjagaan-apa-di-kedungwaringin-untuk-pemudik-motor-1xuJauTPIKG,0, 18 Apr 2022
"H-2 Lebaran, Nagreg Dipadati Pemudik Sejak Pagi Hari",https://kumparan.com/kumparannews/h-2-lebaran-nagreg-dipadati-pemudik-sejak-pagi-hari-1xywGdMaq1M,kumparanNEWS,1,https://kumparan.com/kumparannews/response/h-2-lebaran-nagreg-dipadati-pemudik-sejak-pagi-hari-1xywGdMaq1M,0, 30 Apr 2022
"Beberapa Kasus Cacar Monyet di Inggris Diidap Pria Gay-Biseksual, WHO Selidiki",https://kumparan.com/kumparannews/beberapa-kasus-cacar-monyet-di-inggris-diidap-pria-gay-biseksual-who-selidiki-1y77UB7QGbW,kumparanNEWS,10,https://kumparan.com/kumparannews/response/beberapa-kasus-cacar-monyet-di-inggris-diidap-pria-gay-biseksual-who-selidiki-1y77UB7QGbW,6, 21 Mei 2022
"Jokowi soal Arahan Pilpres 2024 ke Projo: Kalau Desak, Nanti Saya Keceplosan",https://kumparan.com/kumparannews/jokowi-soal-arahan-pilpres-2024-ke-projo-kalau-desak-nanti-saya-keceplosan-1y7GkUrjpHx,kumparanNEWS,2,https://kumparan.com/kumparannews/response/jokowi-soal-arahan-pilpres-2024-ke-projo-kalau-desak-nanti-saya-keceplosan-1y7GkUrjpHx,0, 20 jam
Oknum Polisi di Villa Pertiwi Depok yang Tembakkan Senpi Diperiksa Propam,https://kumparan.com/kumparannews/oknum-polisi-di-villa-pertiwi-depok-yang-tembakkan-senpi-diperiksa-propam-1xjyTkrY2qm,kumparanNEWS,1,https://kumparan.com/kumparannews/response/oknum-polisi-di-villa-pertiwi-depok-yang-tembakkan-senpi-diperiksa-propam-1xjyTkrY2qm,0, 23 Mar 2022
Seorang Wisatawan di Garut Tewas Tenggelam di Kolam Pemandian,https://kumparan.com/kumparannews/seorang-wisatawan-di-garut-tewas-tenggelam-di-kolam-pemandian-1y12BDKGZkw,kumparanNEWS,0,https://kumparan.com/kumparannews/response/seorang-wisatawan-di-garut-tewas-tenggelam-di-kolam-pemandian-1y12BDKGZkw,0, 5 Mei 2022
"Mengenal Zona Biru, Wilayah yang Penduduknya Berusia di Atas 100 Tahun",https://kumparan.com/kumparannews/mengenal-zona-biru-wilayah-yang-penduduknya-berusia-di-atas-100-tahun-1xxLywd3Y5A,kumparanNEWS,0,https://kumparan.com/kumparannews/response/mengenal-zona-biru-wilayah-yang-penduduknya-berusia-di-atas-100-tahun-1xxLywd3Y5A,0, 26 Apr 2022
Demo UAS di Kedubes Singapura: Tuntut Permintaan Maaf dan Usir Dubes,https://kumparan.com/kumparannews/demo-uas-di-kedubes-singapura-tuntut-permintaan-maaf-dan-usir-dubes-1y6ywOTXkBv,kumparanNEWS,1,https://kumparan.com/kumparannews/response/demo-uas-di-kedubes-singapura-tuntut-permintaan-maaf-dan-usir-dubes-1y6ywOTXkBv,7, 21 Mei 2022
"Ibu dan 2 Anak Kembarnya di Deli Serdang Ditemukan Tewas, Mulut Berbusa",https://kumparan.com/kumparannews/ibu-dan-2-anak-kembarnya-di-deli-serdang-ditemukan-tewas-mulut-berbusa-1xpc8hmzyfw,kumparanNEWS,0,https://kumparan.com/kumparannews/response/ibu-dan-2-anak-kembarnya-di-deli-serdang-ditemukan-tewas-mulut-berbusa-1xpc8hmzyfw,0, 6 Apr 2022
Ganjar Milenial Center di Banten Dukung Ganjar Jadi Presiden 2024,https://kumparan.com/kumparannews/ganjar-milenial-center-di-banten-dukung-ganjar-jadi-presiden-2024-1y4rVHpbQVa,kumparanNEWS,0,https://kumparan.com/kumparannews/response/ganjar-milenial-center-di-banten-dukung-ganjar-jadi-presiden-2024-1y4rVHpbQVa,0, 15 Mei 2022
AS Tuduh Rusia Gunakan Pangan Sebagai Senjata untuk Menangkan Perang,https://kumparan.com/kumparannews/as-tuduh-rusia-gunakan-pangan-sebagai-senjata-untuk-menangkan-perang-1y6rD8HCGa3,kumparanNEWS,2,https://kumparan.com/kumparannews/response/as-tuduh-rusia-gunakan-pangan-sebagai-senjata-untuk-menangkan-perang-1y6rD8HCGa3,3, 20 Mei 2022
Fabrikasi Sejarah Manipulasi Medsos Buat Anak Diktator Menang Pilpres Filipina,https://kumparan.com/kumparannews/fabrikasi-sejarah-manipulasi-medsos-buat-anak-diktator-menang-pilpres-filipina-1y2tG5xXgtE,kumparanNEWS,3,https://kumparan.com/kumparannews/response/fabrikasi-sejarah-manipulasi-medsos-buat-anak-diktator-menang-pilpres-filipina-1y2tG5xXgtE,3, 10 Mei 2022
"Jokowi dan Megawati Silaturahmi di Teuku Umar, Apa yang Dibahas? ",https://kumparan.com/kumparannews/jokowi-dan-megawati-silaturahmi-di-teuku-umar-apa-yang-dibahas-1y2X9Dnx8t4,kumparanNEWS,0,https://kumparan.com/kumparannews/response/jokowi-dan-megawati-silaturahmi-di-teuku-umar-apa-yang-dibahas-1y2X9Dnx8t4,0, 9 Mei 2022
"2 Anggota TNI Jadi Sasaran Begal di Jaksel, 1 Pelaku Diamankan",https://kumparan.com/kumparannews/2-anggota-tni-jadi-sasaran-begal-di-jaksel-1-pelaku-diamankan-1y2U70YREgy,kumparanNEWS,0,https://kumparan.com/kumparannews/response/2-anggota-tni-jadi-sasaran-begal-di-jaksel-1-pelaku-diamankan-1y2U70YREgy,0, 9 Mei 2022
Korban Tewas Banjir Bandang di Afsel Capai 259 Jiwa,https://kumparan.com/kumparannews/korban-tewas-banjir-bandang-di-afsel-capai-259-jiwa-1xsMSMctqPk,kumparanNEWS,0,https://kumparan.com/kumparannews/response/korban-tewas-banjir-bandang-di-afsel-capai-259-jiwa-1xsMSMctqPk,0, 13 Apr 2022
"Ambulans di Garut Masuk Jurang, Sopir Terjebak Semalaman",https://kumparan.com/kumparannews/ambulans-di-garut-masuk-jurang-sopir-terjebak-semalaman-1xpuwiMVu1q,kumparanNEWS,0,https://kumparan.com/kumparannews/response/ambulans-di-garut-masuk-jurang-sopir-terjebak-semalaman-1xpuwiMVu1q,0, 7 Apr 2022
Presiden Ukraina Minta Gencatan Senjata di Pabrik Baja yang Dikepung Rusia,https://kumparan.com/kumparannews/presiden-ukraina-minta-gencatan-senjata-di-pabrik-baja-yang-dikepung-rusia-1y13afS0M2y,kumparanNEWS,0,https://kumparan.com/kumparannews/response/presiden-ukraina-minta-gencatan-senjata-di-pabrik-baja-yang-dikepung-rusia-1y13afS0M2y,0, 5 Mei 2022
"ASEAN Bentuk Standar Protokol Kesehatan yang Sama, PeduliLindungi Jadi Kunci",https://kumparan.com/kumparannews/asean-bentuk-standar-protokol-kesehatan-yang-sama-pedulilindungi-jadi-kunci-1y4romzwOwK,kumparanNEWS,0,https://kumparan.com/kumparannews/response/asean-bentuk-standar-protokol-kesehatan-yang-sama-pedulilindungi-jadi-kunci-1y4romzwOwK,0, 15 Mei 2022
"Ketua IDI Kota Cirebon, Pembubaran IDI akan Rugikan Masyarakat",https://kumparan.com/ciremaitoday/ketua-idi-kota-cirebon-pembubaran-idi-akan-rugikan-masyarakat-1xpveLYO2YZ,ciremaitoday,0,https://kumparan.com/ciremaitoday/response/ketua-idi-kota-cirebon-pembubaran-idi-akan-rugikan-masyarakat-1xpveLYO2YZ,0, 7 Apr 2022
Nantikan Live Report Situasi Mudik dari Stasiun Gambir,https://kumparan.com/kumparannews/nantikan-live-report-situasi-mudik-dari-stasiun-gambir-1xyH73mJN75,kumparanNEWS,0,https://kumparan.com/kumparannews/response/nantikan-live-report-situasi-mudik-dari-stasiun-gambir-1xyH73mJN75,0, 28 Apr 2022
"Hasto soal Suara PDIP Naik Jika Usung Ganjar: Kerja Kolektif, Bukan Perorangan",https://kumparan.com/kumparannews/hasto-soal-suara-pdip-naik-jika-usung-ganjar-kerja-kolektif-bukan-perorangan-1y6pjy2Cao0,kumparanNEWS,8,https://kumparan.com/kumparannews/response/hasto-soal-suara-pdip-naik-jika-usung-ganjar-kerja-kolektif-bukan-perorangan-1y6pjy2Cao0,2, 20 Mei 2022
"Viral Perampok Ditangkap di Gerbang Tol Pasir Koja Bandung, Ini Kata Polisi",https://kumparan.com/kumparannews/viral-perampok-ditangkap-di-gerbang-tol-pasir-koja-bandung-ini-kata-polisi-1xxMb3ORzBN,kumparanNEWS,1,https://kumparan.com/kumparannews/response/viral-perampok-ditangkap-di-gerbang-tol-pasir-koja-bandung-ini-kata-polisi-1xxMb3ORzBN,1, 26 Apr 2022
"Ma'ruf Amin ke Wisatawan: Tak Perlu Khawatir ke Bali, Sudah Aman dari COVID-19",https://kumparan.com/kumparannews/maruf-amin-ke-wisatawan-tak-perlu-khawatir-ke-bali-sudah-aman-dari-covid-19-1y2tTvOyQAB,kumparanNEWS,0,https://kumparan.com/kumparannews/response/maruf-amin-ke-wisatawan-tak-perlu-khawatir-ke-bali-sudah-aman-dari-covid-19-1y2tTvOyQAB,0, 10 Mei 2022
"Update Corona RI 13 Mei: 335 Kasus Baru, 8 Orang Meninggal",https://kumparan.com/kumparannews/update-corona-ri-13-mei-335-kasus-baru-8-orang-meninggal-1y4BKeBl2TO,kumparanNEWS,1,https://kumparan.com/kumparannews/response/update-corona-ri-13-mei-335-kasus-baru-8-orang-meninggal-1y4BKeBl2TO,0, 13 Mei 2022
"Kejagung Jerat Pejabat Kemendag Tersangka Korupsi Impor Baja, Langsung Ditahan",https://kumparan.com/kumparannews/kejagung-jerat-pejabat-kemendag-tersangka-korupsi-impor-baja-langsung-ditahan-1y6pQ8lcJ9v,kumparanNEWS,4,https://kumparan.com/kumparannews/response/kejagung-jerat-pejabat-kemendag-tersangka-korupsi-impor-baja-langsung-ditahan-1y6pQ8lcJ9v,1, 20 Mei 2022
Dishub Kota Bandung Awasi Kerumunan dan Parkir Liar selama Ramadhan,https://kumparan.com/kumparannews/dishub-kota-bandung-awasi-kerumunan-dan-parkir-liar-selama-ramadhan-1xpuGW3sYOv,kumparanNEWS,2,https://kumparan.com/kumparannews/response/dishub-kota-bandung-awasi-kerumunan-dan-parkir-liar-selama-ramadhan-1xpuGW3sYOv,0, 7 Apr 2022
Melihat Keseruan Perjalanan Mudik Ganjar Usai 2 Tahun karena Pandemi,https://kumparan.com/kumparannews/melihat-keseruan-perjalanan-mudik-ganjar-usai-2-tahun-karena-pandemi-1y0gJBFojgq,kumparanNEWS,1,https://kumparan.com/kumparannews/response/melihat-keseruan-perjalanan-mudik-ganjar-usai-2-tahun-karena-pandemi-1y0gJBFojgq,0, 4 Mei 2022
Pohon Tumbang di Depok Timpa Mobil dan Tutup Jalan,https://kumparan.com/kumparannews/pohon-tumbang-di-depok-timpa-mobil-dan-tutup-jalan-1y4xmwiMMRs,kumparanNEWS,0,https://kumparan.com/kumparannews/response/pohon-tumbang-di-depok-timpa-mobil-dan-tutup-jalan-1y4xmwiMMRs,0, 15 Mei 2022
Amerika Serikat Puji Presidensi Indonesia di G20,https://kumparan.com/kumparannews/amerika-serikat-puji-presidensi-indonesia-di-g20-1y2WwPOv8BI,kumparanNEWS,3,https://kumparan.com/kumparannews/response/amerika-serikat-puji-presidensi-indonesia-di-g20-1y2WwPOv8BI,3, 9 Mei 2022
Ajengkris Minta Maaf ke Wali Kota Palu dan Siap Terima Sanksi Apapun,https://kumparan.com/paluposo/ajengkris-minta-maaf-ke-wali-kota-palu-dan-siap-terima-sanksi-apapun-1xsMUfkaehw,Palu Poso,0,https://kumparan.com/paluposo/response/ajengkris-minta-maaf-ke-wali-kota-palu-dan-siap-terima-sanksi-apapun-1xsMUfkaehw,0, 13 Apr 2022
"Polda Jateng Temukan Migor Kemasan Tak Berizin, Diduga Repacking Minyak Curah",https://kumparan.com/kumparannews/polda-jateng-temukan-migor-kemasan-tak-berizin-diduga-repacking-minyak-curah-1xpc6B0h548,kumparanNEWS,1,https://kumparan.com/kumparannews/response/polda-jateng-temukan-migor-kemasan-tak-berizin-diduga-repacking-minyak-curah-1xpc6B0h548,1, 6 Apr 2022
"Polisi Belum Tutup Jalan di Istana Merdeka Jelang Demo BEM UI, Arus Lalin Lancar",https://kumparan.com/kumparannews/polisi-belum-tutup-jalan-di-istana-merdeka-jelang-demo-bem-ui-arus-lalin-lancar-1xvKKa1HuCK,kumparanNEWS,1,https://kumparan.com/kumparannews/response/polisi-belum-tutup-jalan-di-istana-merdeka-jelang-demo-bem-ui-arus-lalin-lancar-1xvKKa1HuCK,0, 21 Apr 2022
Bareskrim Periksa 64 Saksi dan 10 Ahli Terkait Kasus Doni Salmanan,https://kumparan.com/kumparannews/bareskrim-periksa-64-saksi-dan-10-ahli-terkait-kasus-doni-salmanan-1xuJbh5ydVh,kumparanNEWS,0,https://kumparan.com/kumparannews/response/bareskrim-periksa-64-saksi-dan-10-ahli-terkait-kasus-doni-salmanan-1xuJbh5ydVh,0, 18 Apr 2022
"Fakta-fakta Ibu di Semarang Bunuh Anak karena Habiskan Deposito 1,2 M",https://kumparan.com/kumparannews/fakta-fakta-ibu-di-semarang-bunuh-anak-karena-habiskan-deposito-1-2-m-1y6bY5ZxVNC,kumparanNEWS,4,https://kumparan.com/kumparannews/response/fakta-fakta-ibu-di-semarang-bunuh-anak-karena-habiskan-deposito-1-2-m-1y6bY5ZxVNC,3, 20 Mei 2022
"Massa Buruh Bergerak Menuju Patung Kuda, Petugas Lakukan Pengalihan Lalu Lintas",https://kumparan.com/kumparannews/massa-buruh-bergerak-menuju-patung-kuda-petugas-lakukan-pengalihan-lalu-lintas-1y7IIZYywsP,kumparanNEWS,1,https://kumparan.com/kumparannews/response/massa-buruh-bergerak-menuju-patung-kuda-petugas-lakukan-pengalihan-lalu-lintas-1y7IIZYywsP,0, 18 jam
Israel Tidak Akan Selidiki Kematian Jurnalis Al-Jazeera Shireen Abu Akleh,https://kumparan.com/kumparannews/israel-tidak-akan-selidiki-kematian-jurnalis-al-jazeera-shireen-abu-akleh-1y6s50AQK2X,kumparanNEWS,1,https://kumparan.com/kumparannews/response/israel-tidak-akan-selidiki-kematian-jurnalis-al-jazeera-shireen-abu-akleh-1y6s50AQK2X,1, 20 Mei 2022
Kernet Pengemudi Bus Maut di Tol Mojokerto Sempat Minum Bir Saat di Malioboro,https://kumparan.com/kumparannews/kernet-pengemudi-bus-maut-di-tol-mojokerto-sempat-minum-bir-saat-di-malioboro-1y773B5Epss,kumparanNEWS,1,https://kumparan.com/kumparannews/response/kernet-pengemudi-bus-maut-di-tol-mojokerto-sempat-minum-bir-saat-di-malioboro-1y773B5Epss,1, 21 Mei 2022
Taliban Perintahkan Presenter TV Wanita Afghanistan Tutup Wajah saat Siaran,https://kumparan.com/kumparannews/taliban-perintahkan-presenter-tv-wanita-afghanistan-tutup-wajah-saat-siaran-1y6brwCEQyP,kumparanNEWS,2,https://kumparan.com/kumparannews/response/taliban-perintahkan-presenter-tv-wanita-afghanistan-tutup-wajah-saat-siaran-1y6brwCEQyP,5, 20 Mei 2022
"Buruh Gelar Demo di Depan DPR Sabtu 21 Mei, Polisi Siapkan Pengamanan",https://kumparan.com/kumparannews/buruh-gelar-demo-di-depan-dpr-sabtu-21-mei-polisi-siapkan-pengamanan-1y72qVnQ9M7,kumparanNEWS,2,https://kumparan.com/kumparannews/response/buruh-gelar-demo-di-depan-dpr-sabtu-21-mei-polisi-siapkan-pengamanan-1y72qVnQ9M7,1, 20 Mei 2022
Rusia Setop Aliran Gas Alam ke Finlandia Akibat Tolak Bayar dengan Rubel,https://kumparan.com/kumparannews/rusia-setop-aliran-gas-alam-ke-finlandia-akibat-tolak-bayar-dengan-rubel-1y6zNF5BAUg,kumparanNEWS,3,https://kumparan.com/kumparannews/response/rusia-setop-aliran-gas-alam-ke-finlandia-akibat-tolak-bayar-dengan-rubel-1y6zNF5BAUg,1, 20 Mei 2022
Penyebar Hoaks Bakso 21 Mengandung Babi Mengaku Hanya Iseng,https://kumparan.com/hipontianak/penyebar-hoaks-bakso-21-mengandung-babi-mengaku-hanya-iseng-1y7JvjzFSa4,Hi Pontianak,3,https://kumparan.com/hipontianak/response/penyebar-hoaks-bakso-21-mengandung-babi-mengaku-hanya-iseng-1y7JvjzFSa4,1, 17 jam
Sopir Truk yang Aniaya Terduga Pencuri hingga Tewas Divonis 5 Tahun Bui,https://kumparan.com/kumparannews/sopir-truk-yang-aniaya-terduga-pencuri-hingga-tewas-divonis-5-tahun-bui-1y6b1ipDAb5,kumparanNEWS,0,https://kumparan.com/kumparannews/response/sopir-truk-yang-aniaya-terduga-pencuri-hingga-tewas-divonis-5-tahun-bui-1y6b1ipDAb5,0, 19 Mei 2022
"Korut Laporkan Lebih dari 200 Ribu Kasus Demam, Diduga Terkait COVID-19",https://kumparan.com/kumparannews/korut-laporkan-lebih-dari-200-ribu-kasus-demam-diduga-terkait-covid-19-1y7FebkKZhu,kumparanNEWS,1,https://kumparan.com/kumparannews/response/korut-laporkan-lebih-dari-200-ribu-kasus-demam-diduga-terkait-covid-19-1y7FebkKZhu,0, 21 jam
Ini Tampang Pelaku Penusukan di Sleman yang Tewaskan 2 Pemuda,https://kumparan.com/tugujogja/ini-tampang-pelaku-penusukan-di-sleman-yang-tewaskan-2-pemuda-1y2tS8GAz1z,Tugu Jogja,0,https://kumparan.com/tugujogja/response/ini-tampang-pelaku-penusukan-di-sleman-yang-tewaskan-2-pemuda-1y2tS8GAz1z,2, 10 Mei 2022
Pemerintah Ajak Mudik Lebih Awal: Hindari Macet Total; Jalur Sudah Bagus,https://kumparan.com/kumparannews/pemerintah-ajak-mudik-lebih-awal-hindari-macet-total-jalur-sudah-bagus-1xv9XgVFi6d,kumparanNEWS,1,https://kumparan.com/kumparannews/response/pemerintah-ajak-mudik-lebih-awal-hindari-macet-total-jalur-sudah-bagus-1xv9XgVFi6d,2, 21 Apr 2022
Foto: 5 Ribu Pemudik Ikuti Program Mudik Gratis Perusahaan BUMN di Senayan,https://kumparan.com/kumparannews/foto-5-ribu-pemudik-ikuti-program-mudik-gratis-perusahaan-bumn-di-senayan-1xxhUNUItKu,kumparanNEWS,0,https://kumparan.com/kumparannews/response/foto-5-ribu-pemudik-ikuti-program-mudik-gratis-perusahaan-bumn-di-senayan-1xxhUNUItKu,0, 27 Apr 2022
"Viral Video Pemukulan Anggota Brimob, Ini Tanggapan Dansat Brimob Malut",https://kumparan.com/ceritamalukuutara/viral-video-pemukulan-anggota-brimob-ini-tanggapan-dansat-brimob-malut-1xltbmR6qVO,Cermat,0,https://kumparan.com/ceritamalukuutara/response/viral-video-pemukulan-anggota-brimob-ini-tanggapan-dansat-brimob-malut-1xltbmR6qVO,1, 28 Mar 2022
"Sidang Isbat Awal Syawal Digelar 1 Mei, Rukyatul Hilal di 99 Titik",https://kumparan.com/kumparannews/sidang-isbat-awal-syawal-digelar-1-mei-rukyatul-hilal-di-99-titik-1xuJOr2zdJ7,kumparanNEWS,0,https://kumparan.com/kumparannews/response/sidang-isbat-awal-syawal-digelar-1-mei-rukyatul-hilal-di-99-titik-1xuJOr2zdJ7,0, 18 Apr 2022
Kondisi Arus Mudik di Tol Jakarta-Cikampek Jumat Malam Jelang One Way,https://kumparan.com/kumparannews/kondisi-arus-mudik-di-tol-jakarta-cikampek-jumat-malam-jelang-one-way-1xygdKaJyE5,kumparanNEWS,0,https://kumparan.com/kumparannews/response/kondisi-arus-mudik-di-tol-jakarta-cikampek-jumat-malam-jelang-one-way-1xygdKaJyE5,0, 29 Apr 2022
"Kuota Haji Indonesia Terbesar, Menteri Saudi Sebut RI Dapat Tempat Istimewa",https://kumparan.com/kumparannews/kuota-haji-indonesia-terbesar-menteri-saudi-sebut-ri-dapat-tempat-istimewa-1y785fdJktN,kumparanNEWS,2,https://kumparan.com/kumparannews/response/kuota-haji-indonesia-terbesar-menteri-saudi-sebut-ri-dapat-tempat-istimewa-1y785fdJktN,3, 21 Mei 2022
"Ade Armando Dirawat Intensif Usai Dikeroyok Saat Demo, Sahabat Gelar Doa Bersama",https://kumparan.com/kumparannews/ade-armando-dirawat-intensif-usai-dikeroyok-saat-demo-sahabat-gelar-doa-bersama-1xsMAkxm1p5,kumparanNEWS,0,https://kumparan.com/kumparannews/response/ade-armando-dirawat-intensif-usai-dikeroyok-saat-demo-sahabat-gelar-doa-bersama-1xsMAkxm1p5,0, 13 Apr 2022
Foto Satelit: Kondisi Pemukiman di Mariupol Usai Dibombardir Rusia,https://kumparan.com/kumparannews/foto-satelit-kondisi-pemukiman-di-mariupol-usai-dibombardir-rusia-1xsCrqZXevp,kumparanNEWS,0,https://kumparan.com/kumparannews/response/foto-satelit-kondisi-pemukiman-di-mariupol-usai-dibombardir-rusia-1xsCrqZXevp,0, 13 Apr 2022
"KM Sirimau Kandas di Perairan Lembata, Manajemen PT Pelni Minta Maaf",https://kumparan.com/florespedia/km-sirimau-kandas-di-perairan-lembata-manajemen-pt-pelni-minta-maaf-1y5qbKPbJP8,florespedia,0,https://kumparan.com/florespedia/response/km-sirimau-kandas-di-perairan-lembata-manajemen-pt-pelni-minta-maaf-1y5qbKPbJP8,0, 17 Mei 2022
Gerindra DKI Sentil Panitia Formula E: Kurang Promosi,https://kumparan.com/kumparannews/gerindra-dki-sentil-panitia-formula-e-kurang-promosi-1y6v73KNxpy,kumparanNEWS,2,https://kumparan.com/kumparannews/response/gerindra-dki-sentil-panitia-formula-e-kurang-promosi-1y6v73KNxpy,1, 20 Mei 2022
Cak Imin Minta Kepala BPIP Dicopot: Banyak Penolakan di Kanan Kiri,https://kumparan.com/kumparannews/cak-imin-minta-kepala-bpip-dicopot-banyak-penolakan-di-kanan-kiri-1xuJahw9lm1,kumparanNEWS,0,https://kumparan.com/kumparannews/response/cak-imin-minta-kepala-bpip-dicopot-banyak-penolakan-di-kanan-kiri-1xuJahw9lm1,17, 18 Apr 2022
"NasDem Minta Pemerintah Respons Cepat Hepatitis Akut, Belajar dari Corona",https://kumparan.com/kumparannews/nasdem-minta-pemerintah-respons-cepat-hepatitis-akut-belajar-dari-corona-1y2tQ2G9QN4,kumparanNEWS,0,https://kumparan.com/kumparannews/response/nasdem-minta-pemerintah-respons-cepat-hepatitis-akut-belajar-dari-corona-1y2tQ2G9QN4,1, 10 Mei 2022
Muhadjir soal Singapura Larang UAS Masuk: Jaga Lidah sehingga Tidak Diusir,https://kumparan.com/kumparannews/muhadjir-soal-singapura-larang-uas-masuk-jaga-lidah-sehingga-tidak-diusir-1y6a42NNA6n,kumparanNEWS,16,https://kumparan.com/kumparannews/response/muhadjir-soal-singapura-larang-uas-masuk-jaga-lidah-sehingga-tidak-diusir-1y6a42NNA6n,95, 19 Mei 2022
"Foto: Pembersihan Aliran Sungai di Desa Jimbaran, Bali",https://kumparan.com/kumparannews/foto-pembersihan-aliran-sungai-di-desa-jimbaran-bali-1y4XSo8OpP4,kumparanNEWS,1,https://kumparan.com/kumparannews/response/foto-pembersihan-aliran-sungai-di-desa-jimbaran-bali-1y4XSo8OpP4,0, 14 Mei 2022
"2 Hari Usai Kematian Jurnalis, Israel Kembali Bentrok dengan Palestina di Jenin",https://kumparan.com/kumparannews/2-hari-usai-kematian-jurnalis-israel-kembali-bentrok-dengan-palestina-di-jenin-1y4BEkTSEGs,kumparanNEWS,1,https://kumparan.com/kumparannews/response/2-hari-usai-kematian-jurnalis-israel-kembali-bentrok-dengan-palestina-di-jenin-1y4BEkTSEGs,0, 13 Mei 2022
Perang Ukraina: Kesaksian Para Pendeta Gereja Ortodoks Rusia di Ukraina yang Memberontak Melawan Moskow,https://kumparan.com/bbc-news-indonesia/perang-ukraina-kesaksian-para-pendeta-gereja-ortodoks-rusia-di-ukraina-yang-memberontak-melawan-moskow-1xuK86uc1Ah,BBC NEWS INDONESIA ,0,https://kumparan.com/bbc-news-indonesia/response/perang-ukraina-kesaksian-para-pendeta-gereja-ortodoks-rusia-di-ukraina-yang-memberontak-melawan-moskow-1xuK86uc1Ah,0, 18 Apr 2022
Komunitas Sosial di Pontianak Ajak Masyarakat Berdonasi untuk Anak Yatim,https://kumparan.com/hipontianak/komunitas-sosial-di-pontianak-ajak-masyarakat-berdonasi-untuk-anak-yatim-1xsKfR1XmWO,Hi Pontianak,0,https://kumparan.com/hipontianak/response/komunitas-sosial-di-pontianak-ajak-masyarakat-berdonasi-untuk-anak-yatim-1xsKfR1XmWO,0, 13 Apr 2022
Presiden Ukraina Tuduh Rusia Ulangi Kekejaman Nazi,https://kumparan.com/bbc-news-indonesia/presiden-ukraina-tuduh-rusia-ulangi-kekejaman-nazi-1y2TqTpgAzn,BBC NEWS INDONESIA ,0,https://kumparan.com/bbc-news-indonesia/response/presiden-ukraina-tuduh-rusia-ulangi-kekejaman-nazi-1y2TqTpgAzn,0, 9 Mei 2022
Hakim Tolak Eksepsi Habib Bahar di Kasus Penyebaran Berita Bohong,https://kumparan.com/kumparannews/hakim-tolak-eksepsi-habib-bahar-di-kasus-penyebaran-berita-bohong-1xxMR9KZcbt,kumparanNEWS,1,https://kumparan.com/kumparannews/response/hakim-tolak-eksepsi-habib-bahar-di-kasus-penyebaran-berita-bohong-1xxMR9KZcbt,4, 26 Apr 2022
Foto: Ribuan Pemudik Tiba di Stasiun Pasar Senen,https://kumparan.com/kumparannews/foto-ribuan-pemudik-tiba-di-stasiun-pasar-senen-1y11rN380E2,kumparanNEWS,1,https://kumparan.com/kumparannews/response/foto-ribuan-pemudik-tiba-di-stasiun-pasar-senen-1y11rN380E2,0, 5 Mei 2022
"UAS Ditolak Masuk, Netizen Pendukung UAS Serbu Akun PM dan Presiden Singapura",https://kumparan.com/kumparannews/uas-ditolak-masuk-netizen-pendukung-uas-serbu-akun-pm-dan-presiden-singapura-1y6QeCs5Eun,kumparanNEWS,13,https://kumparan.com/kumparannews/response/uas-ditolak-masuk-netizen-pendukung-uas-serbu-akun-pm-dan-presiden-singapura-1y6QeCs5Eun,112, 19 Mei 2022
"Sekjen PBB Tiba di Ukraina, Dorong Evakuasi Warga Sipil dari Mariupol",https://kumparan.com/kumparannews/sekjen-pbb-tiba-di-ukraina-dorong-evakuasi-warga-sipil-dari-mariupol-1xyEVDDwejs,kumparanNEWS,0,https://kumparan.com/kumparannews/response/sekjen-pbb-tiba-di-ukraina-dorong-evakuasi-warga-sipil-dari-mariupol-1xyEVDDwejs,0, 28 Apr 2022
Foto: Ridwan Kamil Tinjau Posko Mudik di Bandung,https://kumparan.com/kumparannews/foto-ridwan-kamil-tinjau-posko-mudik-di-bandung-1xyGYjjw2xA,kumparanNEWS,0,https://kumparan.com/kumparannews/response/foto-ridwan-kamil-tinjau-posko-mudik-di-bandung-1xyGYjjw2xA,1, 28 Apr 2022
"PT DKI Tak Ubah Vonis RJ Lino, Tetap 4 Tahun Penjara Tanpa Uang Pengganti",https://kumparan.com/kumparannews/pt-dki-tak-ubah-vonis-rj-lino-tetap-4-tahun-penjara-tanpa-uang-pengganti-1y2TQpKDEr7,kumparanNEWS,1,https://kumparan.com/kumparannews/response/pt-dki-tak-ubah-vonis-rj-lino-tetap-4-tahun-penjara-tanpa-uang-pengganti-1y2TQpKDEr7,0, 9 Mei 2022
Siap-siap! Menkes Akan Tambah Vaksin Kanker Serviks sebagai Vaksin Wajib,https://kumparan.com/kumparanvideo/siap-siap-menkes-akan-tambah-vaksin-kanker-serviks-sebagai-vaksin-wajib-1xuFsnjbs31,kumparan Video,2,https://kumparan.com/kumparanvideo/response/siap-siap-menkes-akan-tambah-vaksin-kanker-serviks-sebagai-vaksin-wajib-1xuFsnjbs31,1, 18 Apr 2022
YBM PLN Suluttenggo Salurkan Bantuan ke Anak Yatim dan Dhuafa di Bulan Ramadhan,https://kumparan.com/manadobacirita/ybm-pln-suluttenggo-salurkan-bantuan-ke-anak-yatim-dan-dhuafa-di-bulan-ramadhan-1xuJtbSjKa2,Manado Bacirita,0,https://kumparan.com/manadobacirita/response/ybm-pln-suluttenggo-salurkan-bantuan-ke-anak-yatim-dan-dhuafa-di-bulan-ramadhan-1xuJtbSjKa2,0, 18 Apr 2022
Ratu Kecantikan Estonia yang Tuduh Polisi Bali Korup Sudah Pulang ke Negaranya,https://kumparan.com/kumparannews/ratu-kecantikan-estonia-yang-tuduh-polisi-bali-korup-sudah-pulang-ke-negaranya-1y6rerAP3yO,kumparanNEWS,4,https://kumparan.com/kumparannews/response/ratu-kecantikan-estonia-yang-tuduh-polisi-bali-korup-sudah-pulang-ke-negaranya-1y6rerAP3yO,5, 20 Mei 2022
"Demo di Patung Kuda Ricuh, Kapolsek Gambir Terinjak-Injak",https://kumparan.com/kumparannews/demo-di-patung-kuda-ricuh-kapolsek-gambir-terinjak-injak-1y6zySO3TGQ,kumparanNEWS,3,https://kumparan.com/kumparannews/response/demo-di-patung-kuda-ricuh-kapolsek-gambir-terinjak-injak-1y6zySO3TGQ,8, 20 Mei 2022
Foto: Sungai Slana di Slovakia Jadi Oranye Akibat Tercemar Bijih Besi,https://kumparan.com/kumparannews/foto-sungai-slana-di-slovakia-jadi-oranye-akibat-tercemar-bijih-besi-1y73ALwk0lK,kumparanNEWS,0,https://kumparan.com/kumparannews/response/foto-sungai-slana-di-slovakia-jadi-oranye-akibat-tercemar-bijih-besi-1y73ALwk0lK,1, 21 Mei 2022
"Belajar dari Kasus Ratu Kecantikan Estonia, WNA Harus Punya SIM Internasional",https://kumparan.com/kumparannews/belajar-dari-kasus-ratu-kecantikan-estonia-wna-harus-punya-sim-internasional-1y6vG2jo0gS,kumparanNEWS,1,https://kumparan.com/kumparannews/response/belajar-dari-kasus-ratu-kecantikan-estonia-wna-harus-punya-sim-internasional-1y6vG2jo0gS,1, 20 Mei 2022
"Megawati Sapa Xi Jinping di BRICS Forum, Bahas COVID hingga Perang Rusia-Ukraina",https://kumparan.com/kumparannews/megawati-sapa-xi-jinping-di-brics-forum-bahas-covid-hingga-perang-rusia-ukraina-1y6asTZgTJ5,kumparanNEWS,2,https://kumparan.com/kumparannews/response/megawati-sapa-xi-jinping-di-brics-forum-bahas-covid-hingga-perang-rusia-ukraina-1y6asTZgTJ5,1, 19 Mei 2022
"Meski Ada Pos Booster, Pemudik Kendaraan Pribadi Sebaiknya Bersiap Jauh Hari",https://kumparan.com/kumparannews/meski-ada-pos-booster-pemudik-kendaraan-pribadi-sebaiknya-bersiap-jauh-hari-1xpur75T5cq,kumparanNEWS,0,https://kumparan.com/kumparannews/response/meski-ada-pos-booster-pemudik-kendaraan-pribadi-sebaiknya-bersiap-jauh-hari-1xpur75T5cq,0, 7 Apr 2022
"Ironi Ade Yasin: Terbitkan Larangan ASN Terima Gratifikasi, Kini Kena OTT KPK",https://kumparan.com/kumparannews/ironi-ade-yasin-terbitkan-larangan-asn-terima-gratifikasi-kini-kena-ott-kpk-1xxkKZUuvjz,kumparanNEWS,0,https://kumparan.com/kumparannews/response/ironi-ade-yasin-terbitkan-larangan-asn-terima-gratifikasi-kini-kena-ott-kpk-1xxkKZUuvjz,3, 27 Apr 2022
"Menhub Minta Ramp Check Bus Pariwisata Jelang Lebaran: Krusial, Jarang Dipakai",https://kumparan.com/kumparannews/menhub-minta-ramp-check-bus-pariwisata-jelang-lebaran-krusial-jarang-dipakai-1xwBxv1Cf5a,kumparanNEWS,0,https://kumparan.com/kumparannews/response/menhub-minta-ramp-check-bus-pariwisata-jelang-lebaran-krusial-jarang-dipakai-1xwBxv1Cf5a,0, 23 Apr 2022
"Kurangi Kepadatan, Polisi di Jabar Batasi Truk Barang di Mudik Lebaran",https://kumparan.com/kumparannews/kurangi-kepadatan-polisi-di-jabar-batasi-truk-barang-di-mudik-lebaran-1xv4k3LuqKT,kumparanNEWS,0,https://kumparan.com/kumparannews/response/kurangi-kepadatan-polisi-di-jabar-batasi-truk-barang-di-mudik-lebaran-1xv4k3LuqKT,0, 20 Apr 2022
"Punya Aksi Nyata Majukan Pariwisata, Sandiaga Didukung Pelaku Wisata Pangandaran",https://kumparan.com/kumparannews/punya-aksi-nyata-majukan-pariwisata-sandiaga-didukung-pelaku-wisata-pangandaran-1xux2QszuAX,kumparanNEWS,0,https://kumparan.com/kumparannews/response/punya-aksi-nyata-majukan-pariwisata-sandiaga-didukung-pelaku-wisata-pangandaran-1xux2QszuAX,0, 20 Apr 2022
"Pelaku UMKM Banyumas: Maturnuwun, Lapak Ganjar Sangat Bermanfaat",https://kumparan.com/kumparannews/pelaku-umkm-banyumas-maturnuwun-lapak-ganjar-sangat-bermanfaat-1xvqz4Fqv0f,kumparanNEWS,0,https://kumparan.com/kumparannews/response/pelaku-umkm-banyumas-maturnuwun-lapak-ganjar-sangat-bermanfaat-1xvqz4Fqv0f,0, 22 Apr 2022
Pengakuan Pedagang yang Dikeroyok Ujang Sarjana: Saya Tidak Boleh Jualan,https://kumparan.com/kumparannews/pengakuan-pedagang-yang-dikeroyok-ujang-sarjana-saya-tidak-boleh-jualan-1xvp1yvVgUv,kumparanNEWS,9,https://kumparan.com/kumparannews/response/pengakuan-pedagang-yang-dikeroyok-ujang-sarjana-saya-tidak-boleh-jualan-1xvp1yvVgUv,10, 22 Apr 2022
Ribuan Botol Miras di Bandung Dimusnahkan Jelang Lebaran,https://kumparan.com/kumparannews/ribuan-botol-miras-di-bandung-dimusnahkan-jelang-lebaran-1xvoj1tOrgW,kumparanNEWS,0,https://kumparan.com/kumparannews/response/ribuan-botol-miras-di-bandung-dimusnahkan-jelang-lebaran-1xvoj1tOrgW,0, 22 Apr 2022
"Pesan Polisi ke Mahasiswa: Rapatkan Barisan, Cegah Orang Tak Dikenal Masuk",https://kumparan.com/kumparannews/pesan-polisi-ke-mahasiswa-rapatkan-barisan-cegah-orang-tak-dikenal-masuk-1xvRui1bOCn,kumparanNEWS,0,https://kumparan.com/kumparannews/response/pesan-polisi-ke-mahasiswa-rapatkan-barisan-cegah-orang-tak-dikenal-masuk-1xvRui1bOCn,0, 21 Apr 2022
"Polda Jabar Bongkar Praktik Nakal Pengoplos Gas LPG Ilegal, 2 Orang Ditangkap",https://kumparan.com/kumparannews/polda-jabar-bongkar-praktik-nakal-pengoplos-gas-lpg-ilegal-2-orang-ditangkap-1xvRLmbzCzm,kumparanNEWS,0,https://kumparan.com/kumparannews/response/polda-jabar-bongkar-praktik-nakal-pengoplos-gas-lpg-ilegal-2-orang-ditangkap-1xvRLmbzCzm,0, 21 Apr 2022
Foto: Polisi Gelar Penyelidikan Penembakan Unjuk Rasa di Sri Lanka,https://kumparan.com/kumparannews/foto-polisi-gelar-penyelidikan-penembakan-unjuk-rasa-di-sri-lanka-1xvM2kKXr9L,kumparanNEWS,1,https://kumparan.com/kumparannews/response/foto-polisi-gelar-penyelidikan-penembakan-unjuk-rasa-di-sri-lanka-1xvM2kKXr9L,1, 21 Apr 2022
Sahroni: Jokowi Tinjau Sirkuit Formula E Bentuk Perhatian Kepala Negara,https://kumparan.com/kumparannews/sahroni-jokowi-tinjau-sirkuit-formula-e-bentuk-perhatian-kepala-negara-1xxNm5dKcmJ,kumparanNEWS,0,https://kumparan.com/kumparannews/response/sahroni-jokowi-tinjau-sirkuit-formula-e-bentuk-perhatian-kepala-negara-1xxNm5dKcmJ,0, 26 Apr 2022
10 Kendaraan yang Bebas Ganjil Genap Saat One Way di Jalur Mudik,https://kumparan.com/kumparannews/10-kendaraan-yang-bebas-ganjil-genap-saat-one-way-di-jalur-mudik-1xue6hmIzwy,kumparanNEWS,0,https://kumparan.com/kumparannews/response/10-kendaraan-yang-bebas-ganjil-genap-saat-one-way-di-jalur-mudik-1xue6hmIzwy,0, 19 Apr 2022
"Foto: Melihat Latihan Pasukan Relawan Pertahanan Teritorial di Sumy, Ukraina",https://kumparan.com/kumparannews/foto-melihat-latihan-pasukan-relawan-pertahanan-teritorial-di-sumy-ukraina-1xua3cazavO,kumparanNEWS,2,https://kumparan.com/kumparannews/response/foto-melihat-latihan-pasukan-relawan-pertahanan-teritorial-di-sumy-ukraina-1xua3cazavO,0, 19 Apr 2022
Ma'ruf Amin dan Dubes Spanyol Nyatakan Dukungan Terkait Kedaulatan Kedua Negara,https://kumparan.com/kumparannews/maruf-amin-dan-dubes-spanyol-nyatakan-dukungan-terkait-kedaulatan-kedua-negara-1xua5KyRDgC,kumparanNEWS,1,https://kumparan.com/kumparannews/response/maruf-amin-dan-dubes-spanyol-nyatakan-dukungan-terkait-kedaulatan-kedua-negara-1xua5KyRDgC,0, 19 Apr 2022
Polisi Masih Buru Ade Purnama dan Pria Bertopi Pengeroyok Ade Armando,https://kumparan.com/kumparannews/polisi-masih-buru-ade-purnama-dan-pria-bertopi-pengeroyok-ade-armando-1xuFhJWGHf0,kumparanNEWS,0,https://kumparan.com/kumparannews/response/polisi-masih-buru-ade-purnama-dan-pria-bertopi-pengeroyok-ade-armando-1xuFhJWGHf0,0, 18 Apr 2022
Anggota DPR Demokrat Minta Amak Santi Jadi Evaluasi Polri: Jangan Gegabah ,https://kumparan.com/kumparannews/anggota-dpr-demokrat-minta-amak-santi-jadi-evaluasi-polri-jangan-gegabah-1xuEE2UFkUN,kumparanNEWS,2,https://kumparan.com/kumparannews/response/anggota-dpr-demokrat-minta-amak-santi-jadi-evaluasi-polri-jangan-gegabah-1xuEE2UFkUN,0, 18 Apr 2022
"Ridwan Kamil: H-5 Lebaran, Arus Mudik di Jabar Aman Terkendali Sesuai Prediksi",https://kumparan.com/kumparannews/ridwan-kamil-h-5-lebaran-arus-mudik-di-jabar-aman-terkendali-sesuai-prediksi-1xyGrKnHmuE,kumparanNEWS,0,https://kumparan.com/kumparannews/response/ridwan-kamil-h-5-lebaran-arus-mudik-di-jabar-aman-terkendali-sesuai-prediksi-1xyGrKnHmuE,0, 28 Apr 2022
"Pimpinan MPR: Rindu Kampung Halaman, Jangan Sampai Lupakan Keselamatan",https://kumparan.com/kumparannews/pimpinan-mpr-rindu-kampung-halaman-jangan-sampai-lupakan-keselamatan-1xyEFikfoEg,kumparanNEWS,0,https://kumparan.com/kumparannews/response/pimpinan-mpr-rindu-kampung-halaman-jangan-sampai-lupakan-keselamatan-1xyEFikfoEg,0, 28 Apr 2022
"PDIP Mau Usung Capres Sendiri di 2024, Ini Tren Elektabilitas Ganjar Vs Puan",https://kumparan.com/kumparannews/pdip-mau-usung-capres-sendiri-di-2024-ini-tren-elektabilitas-ganjar-vs-puan-1xyAKjtOwzj,kumparanNEWS,0,https://kumparan.com/kumparannews/response/pdip-mau-usung-capres-sendiri-di-2024-ini-tren-elektabilitas-ganjar-vs-puan-1xyAKjtOwzj,0, 28 Apr 2022
Jokowi ke Presiden Ukraina: Indonesia Siap Berikan Bantuan Kemanusiaan ,https://kumparan.com/kumparannews/jokowi-ke-presiden-ukraina-indonesia-siap-berikan-bantuan-kemanusiaan-1xy9CSSC71E,kumparanNEWS,2,https://kumparan.com/kumparannews/response/jokowi-ke-presiden-ukraina-indonesia-siap-berikan-bantuan-kemanusiaan-1xy9CSSC71E,0, 28 Apr 2022
Daftar Titik Kemacetan di Cianjur Imbas One Way Tol Japek,https://kumparan.com/kumparannews/daftar-titik-kemacetan-di-cianjur-imbas-one-way-tol-japek-1xyZxXDlJpp,kumparanNEWS,0,https://kumparan.com/kumparannews/response/daftar-titik-kemacetan-di-cianjur-imbas-one-way-tol-japek-1xyZxXDlJpp,0, 29 Apr 2022
Kebakaran Gudang Cat dan Thinner di Duri Kosambi Berhasil Dipadamkan,https://kumparan.com/kumparannews/kebakaran-gudang-cat-dan-thinner-di-duri-kosambi-berhasil-dipadamkan-1xqvOezrxMm,kumparanNEWS,1,https://kumparan.com/kumparannews/response/kebakaran-gudang-cat-dan-thinner-di-duri-kosambi-berhasil-dipadamkan-1xqvOezrxMm,0, 10 Apr 2022
"Anggota Polri Jadi Eksekutor Pembunuhan hingga Antibodi Corona Masyarakat 99,2%",https://kumparan.com/kumparanvideo/anggota-polri-jadi-eksekutor-pembunuhan-hingga-antibodi-corona-masyarakat-99-2-1xuIGKUXXfU,kumparan Video,1,https://kumparan.com/kumparanvideo/response/anggota-polri-jadi-eksekutor-pembunuhan-hingga-antibodi-corona-masyarakat-99-2-1xuIGKUXXfU,0, 18 Apr 2022
John Kerry Khawatirkan Lonjakan Permintaan Batu Bara Termal ke Indonesia,https://kumparan.com/kumparannews/john-kerry-khawatirkan-lonjakan-permintaan-batu-bara-termal-ke-indonesia-1xsJ3ul9xut,kumparanNEWS,0,https://kumparan.com/kumparannews/response/john-kerry-khawatirkan-lonjakan-permintaan-batu-bara-termal-ke-indonesia-1xsJ3ul9xut,0, 13 Apr 2022
Foto: BKSDA Banten Evakuasi Buaya Muara yang Dilindungi,https://kumparan.com/kumparannews/foto-bksda-banten-evakuasi-buaya-muara-yang-dilindungi-1xsJMrQgidt,kumparanNEWS,0,https://kumparan.com/kumparannews/response/foto-bksda-banten-evakuasi-buaya-muara-yang-dilindungi-1xsJMrQgidt,0, 13 Apr 2022
900 Personel Polisi Siaga Jelang Demo Mahasiswa Aliansi Jateng Menggugat,https://kumparan.com/kumparannews/900-personel-polisi-siaga-jelang-demo-mahasiswa-aliansi-jateng-menggugat-1xsFDghyQtZ,kumparanNEWS,0,https://kumparan.com/kumparannews/response/900-personel-polisi-siaga-jelang-demo-mahasiswa-aliansi-jateng-menggugat-1xsFDghyQtZ,0, 13 Apr 2022
Foto: Kondisi Jalan Kalimalang Penuh Lubang Jelang Mudik ,https://kumparan.com/kumparannews/foto-kondisi-jalan-kalimalang-penuh-lubang-jelang-mudik-1xsC7rjJx7P,kumparanNEWS,1,https://kumparan.com/kumparannews/response/foto-kondisi-jalan-kalimalang-penuh-lubang-jelang-mudik-1xsC7rjJx7P,0, 13 Apr 2022
"Sepakat Damai, Pemecatan Dokter yang Kritik Wali Kota Banda Aceh Bakal Dicabut?",https://kumparan.com/kumparannews/sepakat-damai-pemecatan-dokter-yang-kritik-wali-kota-banda-aceh-bakal-dicabut-1vxZZeywRe8,kumparanNEWS,0,https://kumparan.com/kumparannews/response/sepakat-damai-pemecatan-dokter-yang-kritik-wali-kota-banda-aceh-bakal-dicabut-1vxZZeywRe8,0, 13 Apr 2022
PAN Respons Jokowi: Topik Penundaan Pemilu Sudah Sepatutnya Dihentikan,https://kumparan.com/kumparannews/pan-respons-jokowi-topik-penundaan-pemilu-sudah-sepatutnya-dihentikan-1xrQJBeo8CQ,kumparanNEWS,0,https://kumparan.com/kumparannews/response/pan-respons-jokowi-topik-penundaan-pemilu-sudah-sepatutnya-dihentikan-1xrQJBeo8CQ,0, 11 Apr 2022
"Tobas: Demonstrasi Mahasiswa Jangan Dianggap Ancaman, tapi Pengingat Kekuasaan",https://kumparan.com/kumparannews/tobas-demonstrasi-mahasiswa-jangan-dianggap-ancaman-tapi-pengingat-kekuasaan-1xrORDDeAI7,kumparanNEWS,0,https://kumparan.com/kumparannews/response/tobas-demonstrasi-mahasiswa-jangan-dianggap-ancaman-tapi-pengingat-kekuasaan-1xrORDDeAI7,0, 11 Apr 2022
Hasyim Asyari Ditunjuk Jadi Ketua KPU RI Periode 2022-2027,https://kumparan.com/kumparannews/hasyim-asyari-ditunjuk-jadi-ketua-kpu-ri-periode-2022-2027-1xrxKz5yZMu,kumparanNEWS,0,https://kumparan.com/kumparannews/response/hasyim-asyari-ditunjuk-jadi-ketua-kpu-ri-periode-2022-2027-1xrxKz5yZMu,1, 12 Apr 2022
Polisi Tahan 6 Perusuh Demo 11 April: Pelajar hingga Pedagang,https://kumparan.com/kumparannews/polisi-tahan-6-perusuh-demo-11-april-pelajar-hingga-pedagang-1xrvpHfzvaz,kumparanNEWS,1,https://kumparan.com/kumparannews/response/polisi-tahan-6-perusuh-demo-11-april-pelajar-hingga-pedagang-1xrvpHfzvaz,0, 12 Apr 2022
"23 Juta Pemudik Diprediksi ke Jateng, Ganjar Minta Pertamina Pastikan Stok BBM",https://kumparan.com/kumparannews/23-juta-pemudik-diprediksi-ke-jateng-ganjar-minta-pertamina-pastikan-stok-bbm-1xrsRoqLLO4,kumparanNEWS,0,https://kumparan.com/kumparannews/response/23-juta-pemudik-diprediksi-ke-jateng-ganjar-minta-pertamina-pastikan-stok-bbm-1xrsRoqLLO4,0, 12 Apr 2022
Foto: Pendukung Bersuka Cita Usai Shehbaz Sharif Resmi Jadi PM Pakistan,https://kumparan.com/kumparannews/foto-pendukung-bersuka-cita-usai-shehbaz-sharif-resmi-jadi-pm-pakistan-1xrroD6Q0Sb,kumparanNEWS,0,https://kumparan.com/kumparannews/response/foto-pendukung-bersuka-cita-usai-shehbaz-sharif-resmi-jadi-pm-pakistan-1xrroD6Q0Sb,0, 12 Apr 2022
Foto: Pertunjukan Lumba-lumba Hibur Warga Ukraina yang Berlindung dari Perang,https://kumparan.com/kumparannews/foto-pertunjukan-lumba-lumba-hibur-warga-ukraina-yang-berlindung-dari-perang-1xrmZDC4P4F,kumparanNEWS,0,https://kumparan.com/kumparannews/response/foto-pertunjukan-lumba-lumba-hibur-warga-ukraina-yang-berlindung-dari-perang-1xrmZDC4P4F,0, 12 Apr 2022
"Wali Kota Bekasi Diduga Punya Glamping Hasil Pungli, Ada di LHKPN?",https://kumparan.com/kumparannews/wali-kota-bekasi-diduga-punya-glamping-hasil-pungli-ada-di-lhkpn-1xqJXbpX2s4,kumparanNEWS,0,https://kumparan.com/kumparannews/response/wali-kota-bekasi-diduga-punya-glamping-hasil-pungli-ada-di-lhkpn-1xqJXbpX2s4,0, 8 Apr 2022
Foto: Penumpang Pesawat di Kosta Rika Telantar Akibat Pesawat DHL Tergelincir,https://kumparan.com/kumparannews/foto-penumpang-pesawat-di-kosta-rika-telantar-akibat-pesawat-dhl-tergelincir-1xqBeaUYgw1,kumparanNEWS,1,https://kumparan.com/kumparannews/response/foto-penumpang-pesawat-di-kosta-rika-telantar-akibat-pesawat-dhl-tergelincir-1xqBeaUYgw1,0, 8 Apr 2022
Menag Bertemu Menteri Saudi Bahas Kesiapan Penyelenggaraan Haji,https://kumparan.com/kumparannews/menag-bertemu-menteri-saudi-bahas-kesiapan-penyelenggaraan-haji-1y77vZFQ0Zi,kumparanNEWS,1,https://kumparan.com/kumparannews/response/menag-bertemu-menteri-saudi-bahas-kesiapan-penyelenggaraan-haji-1y77vZFQ0Zi,1, 21 Mei 2022
"KPK Rampungkan Berkas, Bupati Hulu Sungai Utara Abdul Wahid Segera Disidang",https://kumparan.com/kumparannews/kpk-rampungkan-berkas-bupati-hulu-sungai-utara-abdul-wahid-segera-disidang-1xmP67eNuUq,kumparanNEWS,0,https://kumparan.com/kumparannews/response/kpk-rampungkan-berkas-bupati-hulu-sungai-utara-abdul-wahid-segera-disidang-1xmP67eNuUq,0, 29 Mar 2022
Foto: Perjuangan Warga Faux Cap Tinggal di Garis Pantai Madagaskar,https://kumparan.com/kumparannews/foto-perjuangan-warga-faux-cap-tinggal-di-garis-pantai-madagaskar-1xmxJRdZGFp,kumparanNEWS,1,https://kumparan.com/kumparannews/response/foto-perjuangan-warga-faux-cap-tinggal-di-garis-pantai-madagaskar-1xmxJRdZGFp,0, 31 Mar 2022
"Lepas Tugas Danjen Kopassus, Mayjen Widi Prasetijono Jabat Pangdam Diponegoro",https://kumparan.com/kumparannews/lepas-tugas-danjen-kopassus-mayjen-widi-prasetijono-jabat-pangdam-diponegoro-1xmdo3XxNaQ,kumparanNEWS,1,https://kumparan.com/kumparannews/response/lepas-tugas-danjen-kopassus-mayjen-widi-prasetijono-jabat-pangdam-diponegoro-1xmdo3XxNaQ,1, 30 Mar 2022
Foto: Kondisi Terkini Hunian Pengungsi Gempa di Pasaman Barat ,https://kumparan.com/kumparannews/foto-kondisi-terkini-hunian-pengungsi-gempa-di-pasaman-barat-1xpbZ4afLSZ,kumparanNEWS,0,https://kumparan.com/kumparannews/response/foto-kondisi-terkini-hunian-pengungsi-gempa-di-pasaman-barat-1xpbZ4afLSZ,0, 7 Apr 2022
Foto Satelit: Penampakan Kota Bucha yang Hancur Akibat Invasi Rusia,https://kumparan.com/kumparannews/foto-satelit-penampakan-kota-bucha-yang-hancur-akibat-invasi-rusia-1xprayMnIxc,kumparanNEWS,2,https://kumparan.com/kumparannews/response/foto-satelit-penampakan-kota-bucha-yang-hancur-akibat-invasi-rusia-1xprayMnIxc,1, 7 Apr 2022
Kejati DKI Serahkan Kasus Mafia Minyak Goreng ke Penyidik Bea Cukai,https://kumparan.com/kumparannews/kejati-dki-serahkan-kasus-mafia-minyak-goreng-ke-penyidik-bea-cukai-1xpptQ9itCS,kumparanNEWS,2,https://kumparan.com/kumparannews/response/kejati-dki-serahkan-kasus-mafia-minyak-goreng-ke-penyidik-bea-cukai-1xpptQ9itCS,1, 7 Apr 2022
Foto: Jelang Dioperasikannya Gedung Baru Pelabuhan Kali Adem Muara Angke,https://kumparan.com/kumparannews/foto-jelang-dioperasikannya-gedung-baru-pelabuhan-kali-adem-muara-angke-1xnjL9ysNfw,kumparanNEWS,0,https://kumparan.com/kumparannews/response/foto-jelang-dioperasikannya-gedung-baru-pelabuhan-kali-adem-muara-angke-1xnjL9ysNfw,0, 2 Apr 2022
"Elektabilitas PAN 1,1%, Saleh Daulay Pertanyakan Metodologi Survei Indikator ",https://kumparan.com/kumparannews/elektabilitas-pan-1-1-saleh-daulay-pertanyakan-metodologi-survei-indikator-1xxz7baXsIn,kumparanNEWS,0,https://kumparan.com/kumparannews/response/elektabilitas-pan-1-1-saleh-daulay-pertanyakan-metodologi-survei-indikator-1xxz7baXsIn,0, 28 Apr 2022
"Daniel Abe Ditangkap, Korban DNA Pro Berharap Dana Mereka Kembali",https://kumparan.com/kumparannews/daniel-abe-ditangkap-korban-dna-pro-berharap-dana-mereka-kembali-1xxxQGMvF6k,kumparanNEWS,0,https://kumparan.com/kumparannews/response/daniel-abe-ditangkap-korban-dna-pro-berharap-dana-mereka-kembali-1xxxQGMvF6k,0, 28 Apr 2022
Akhirnya 233 Warga Pemilik Lahan Wadas Terima Ganti Untung Total Rp 335 Miliar,https://kumparan.com/kumparannews/akhirnya-233-warga-pemilik-lahan-wadas-terima-ganti-untung-total-rp-335-miliar-1xxsErS9mKo,kumparanNEWS,0,https://kumparan.com/kumparannews/response/akhirnya-233-warga-pemilik-lahan-wadas-terima-ganti-untung-total-rp-335-miliar-1xxsErS9mKo,0, 27 Apr 2022
Mendes Ungkap Pentingnya Data Berbasis SDGs Desa Tentukan Arah Pembangunan,https://kumparan.com/kumparannews/mendes-ungkap-pentingnya-data-berbasis-sdgs-desa-tentukan-arah-pembangunan-1xxoZ2ZoH8Q,kumparanNEWS,0,https://kumparan.com/kumparannews/response/mendes-ungkap-pentingnya-data-berbasis-sdgs-desa-tentukan-arah-pembangunan-1xxoZ2ZoH8Q,0, 27 Apr 2022
Putin Setujui Keterlibatan PBB dalam Evakuasi Warga dari Pabrik Baja di Ukraina,https://kumparan.com/kumparannews/putin-setujui-keterlibatan-pbb-dalam-evakuasi-warga-dari-pabrik-baja-di-ukraina-1xxl0sYd2WV,kumparanNEWS,2,https://kumparan.com/kumparannews/response/putin-setujui-keterlibatan-pbb-dalam-evakuasi-warga-dari-pabrik-baja-di-ukraina-1xxl0sYd2WV,0, 27 Apr 2022
Dukungan GP Ansor Dinilai Bisa Naikkan Daya Tawar Erick Thohir ke Parpol,https://kumparan.com/kumparannews/dukungan-gp-ansor-dinilai-bisa-naikkan-daya-tawar-erick-thohir-ke-parpol-1xxn3NKc4X2,kumparanNEWS,0,https://kumparan.com/kumparannews/response/dukungan-gp-ansor-dinilai-bisa-naikkan-daya-tawar-erick-thohir-ke-parpol-1xxn3NKc4X2,0, 27 Apr 2022
Foto: Vertiport Pertama di Dunia untuk Drone dan Taksi Terbang Dibuka di Inggris,https://kumparan.com/kumparannews/foto-vertiport-pertama-di-dunia-untuk-drone-dan-taksi-terbang-dibuka-di-inggris-1xxjlNlTTMS,kumparanNEWS,0,https://kumparan.com/kumparannews/response/foto-vertiport-pertama-di-dunia-untuk-drone-dan-taksi-terbang-dibuka-di-inggris-1xxjlNlTTMS,0, 27 Apr 2022
"Corona Jakarta Sepekan: Kasus Terus Turun, Kematian 74 Orang",https://kumparan.com/kumparannews/corona-jakarta-sepekan-kasus-terus-turun-kematian-74-orang-1xp3CNioth2,kumparanNEWS,0,https://kumparan.com/kumparannews/response/corona-jakarta-sepekan-kasus-terus-turun-kematian-74-orang-1xp3CNioth2,0, 5 Apr 2022
Palestina Protes Israel Batasi Umat Kristen Masuk Gereja Makam Kudus Yerusalem,https://kumparan.com/kumparannews/palestina-protes-israel-batasi-umat-kristen-masuk-gereja-makam-kudus-yerusalem-1xwHh9fCyGq,kumparanNEWS,4,https://kumparan.com/kumparannews/response/palestina-protes-israel-batasi-umat-kristen-masuk-gereja-makam-kudus-yerusalem-1xwHh9fCyGq,2, 23 Apr 2022
"Muhadjir: Booster Segera Diperkuat, Jangan Sampai Pemudik Bawa Oleh-oleh Corona",https://kumparan.com/kumparannews/muhadjir-booster-segera-diperkuat-jangan-sampai-pemudik-bawa-oleh-oleh-corona-1xwEe8kGkt4,kumparanNEWS,0,https://kumparan.com/kumparannews/response/muhadjir-booster-segera-diperkuat-jangan-sampai-pemudik-bawa-oleh-oleh-corona-1xwEe8kGkt4,0, 23 Apr 2022
Sandiaga Temui Pedagang Asongan di Pantai Kuta Usai Ada Keluhan dari Wisman,https://kumparan.com/kumparannews/sandiaga-temui-pedagang-asongan-di-pantai-kuta-usai-ada-keluhan-dari-wisman-1xwBPqiO72a,kumparanNEWS,0,https://kumparan.com/kumparannews/response/sandiaga-temui-pedagang-asongan-di-pantai-kuta-usai-ada-keluhan-dari-wisman-1xwBPqiO72a,0, 23 Apr 2022
Rusia Bantai Keluarga Kepala Desa di Ukraina,https://kumparan.com/kumparannews/rusia-bantai-keluarga-kepala-desa-di-ukraina-1xokeq9MXTY,kumparanNEWS,1,https://kumparan.com/kumparannews/response/rusia-bantai-keluarga-kepala-desa-di-ukraina-1xokeq9MXTY,0, 4 Apr 2022
Rusia Cemas Karena Tenaga Kerja Terbaiknya Kabur Massal Ke Luar Negeri,https://kumparan.com/kumparannews/rusia-cemas-karena-tenaga-kerja-terbaiknya-kabur-massal-ke-luar-negeri-1xojrmZzhrG,kumparanNEWS,2,https://kumparan.com/kumparannews/response/rusia-cemas-karena-tenaga-kerja-terbaiknya-kabur-massal-ke-luar-negeri-1xojrmZzhrG,5, 4 Apr 2022
Foto: Gerbang Tol Bakauheni Selatan Dipadati Pemudik,https://kumparan.com/kumparannews/foto-gerbang-tol-bakauheni-selatan-dipadati-pemudik-1xzLUxB0hVT,kumparanNEWS,0,https://kumparan.com/kumparannews/response/foto-gerbang-tol-bakauheni-selatan-dipadati-pemudik-1xzLUxB0hVT,0, 1 Mei 2022
Bareskrim Periksa Manajer Klub Basket Bima Perkasa Terkait DNA Pro Hari Ini,https://kumparan.com/kumparannews/bareskrim-periksa-manajer-klub-basket-bima-perkasa-terkait-dna-pro-hari-ini-1xvGYavFYsD,kumparanNEWS,1,https://kumparan.com/kumparannews/response/bareskrim-periksa-manajer-klub-basket-bima-perkasa-terkait-dna-pro-hari-ini-1xvGYavFYsD,0, 21 Apr 2022
"PNS di Bali Curi Ponsel Anak Saudara Tetangga, Modus Ikut Bantu Acara Lahiran",https://kumparan.com/kumparannews/pns-di-bali-curi-ponsel-anak-saudara-tetangga-modus-ikut-bantu-acara-lahiran-1xv4GeAwdMZ,kumparanNEWS,0,https://kumparan.com/kumparannews/response/pns-di-bali-curi-ponsel-anak-saudara-tetangga-modus-ikut-bantu-acara-lahiran-1xv4GeAwdMZ,0, 20 Apr 2022
Mobil Fortuner Terjerumus ke Parit Sedalam 3 Meter di Cianjur,https://kumparan.com/kumparannews/mobil-fortuner-terjerumus-ke-parit-sedalam-3-meter-di-cianjur-1xv2xuoAm5q,kumparanNEWS,1,https://kumparan.com/kumparannews/response/mobil-fortuner-terjerumus-ke-parit-sedalam-3-meter-di-cianjur-1xv2xuoAm5q,0, 20 Apr 2022
"Pria di Bali Jadi Korban Pembacokan di Indekos, Telinga hingga Tangan Terluka",https://kumparan.com/kumparannews/pria-di-bali-jadi-korban-pembacokan-di-indekos-telinga-hingga-tangan-terluka-1xxHhkcjK3o,kumparanNEWS,0,https://kumparan.com/kumparannews/response/pria-di-bali-jadi-korban-pembacokan-di-indekos-telinga-hingga-tangan-terluka-1xxHhkcjK3o,0, 26 Apr 2022
"Jelang Lebaran, 135 Preman di Medan Ditangkap Polisi",https://kumparan.com/kumparannews/jelang-lebaran-135-preman-di-medan-ditangkap-polisi-1xxCoCZLzpO,kumparanNEWS,0,https://kumparan.com/kumparannews/response/jelang-lebaran-135-preman-di-medan-ditangkap-polisi-1xxCoCZLzpO,1, 26 Apr 2022
Jokowi Serahkan Bansos di Gedung Pos: Jangan Dipakai Beli Pulsa,https://kumparan.com/kumparannews/jokowi-serahkan-bansos-di-gedung-pos-jangan-dipakai-beli-pulsa-1xx4JmGCnI9,kumparanNEWS,0,https://kumparan.com/kumparannews/response/jokowi-serahkan-bansos-di-gedung-pos-jangan-dipakai-beli-pulsa-1xx4JmGCnI9,0, 25 Apr 2022